GEOID,county,Obama,Romney,total
01001,Autauga,6363,17379,23973
01003,Baldwin,18424,66016,85491
01005,Barbour,5912,5550,11517
01007,Bibb,2202,6132,8420
01009,Blount,2970,20757,24060
01011,Bullock,4061,1251,5322
01013,Butler,4374,5087,9502
01015,Calhoun,15511,30278,46364
01017,Chambers,6871,7626,14629
01019,Cherokee,2132,7506,9792
01021,Chilton,3397,13932,17485
01023,Choctaw,3786,4152,7976
01025,Clarke,6334,7470,13860
01027,Clay,1777,4817,6679
01029,Cleburne,971,5272,6319
01031,Coffee,4925,14666,19821
01033,Colbert,9166,13936,23444
01035,Conecuh,3555,3439,7025
01037,Coosa,2191,3049,5282
01039,Covington,3158,12153,15439
01041,Crenshaw,2050,4331,6424
01043,Cullman,5052,28999,34555
01045,Dale,5286,13108,18601
01047,Dallas,14612,6288,20964
01049,DeKalb,5239,18331,23950
01051,Elmore,8954,26253,35546
01053,Escambia,5489,9287,14894
01055,Etowah,12803,29130,42624
01057,Fayette,1817,6054,7958
01059,Franklin,3171,7567,10881
01061,Geneva,2039,9175,11331
01063,Greene,4521,804,5343
01065,Hale,5411,3210,8647
01067,Henry,3083,5628,8766
01069,Houston,12367,29270,41984
01071,Jackson,5822,14439,20632
01073,Jefferson,159876,141683,304523
01075,Lamar,1646,5457,7176
01077,Lauderdale,12511,23911,37032
01079,Lawrence,5069,8874,14148
01081,Lee,21381,32194,54496
01083,Limestone,9829,25295,35540
01085,Lowndes,5747,1756,7523
01087,Macon,9045,1331,10396
01089,Madison,62015,90884,155428
01091,Marengo,6167,5336,11543
01093,Marion,2249,9697,12129
01095,Marshall,6299,25867,32644
01097,Mobile,78760,94893,175140
01099,Monroe,4914,5741,10717
01101,Montgomery,63085,38332,102067
01103,Morgan,13439,35391,49459
01105,Perry,4568,1506,6101
01107,Pickens,4455,5124,9621
01109,Pike,6035,7963,14123
01111,Randolph,3078,7224,10421
01113,Russell,10500,8278,18910
01115,"St. Clair",5801,29031,35235
01117,Shelby,20051,71436,92742
01119,Sumter,5421,1586,7030
01121,Talladega,13905,19246,33416
01123,Tallapoosa,6319,12396,18851
01125,Tuscaloosa,32048,45748,78772
01127,Walker,6557,21651,28585
01129,Washington,2976,5761,8787
01131,Wilcox,4868,1679,6555
01133,Winston,1286,8312,9728
04001,Apache,17147,8250,25917
04003,Cochise,18546,29497,49201
04005,Coconino,29257,21220,51962
04007,Gila,7697,13455,21595
04009,Graham,3609,8076,11905
04011,Greenlee,1310,1592,2986
04012,"La Paz",1880,3714,5735
04013,Maricopa,602288,749885,1380959
04015,Mohave,19533,49168,70328
04017,Navajo,16945,19884,37465
04019,Pima,201251,174779,383173
04021,Pinal,44306,62079,108682
04023,"Santa Cruz",9486,4235,13911
04025,Yavapai,33918,64468,100667
04027,Yuma,18059,23352,42073
05001,Arkansas,2455,3897,6494
05003,Ashley,2859,4867,7921
05005,Baxter,5172,13688,19339
05007,Benton,22636,54646,79257
05009,Boone,3772,11159,15391
05011,Bradley,1449,2134,3652
05013,Calhoun,660,1458,2174
05015,Carroll,3696,6125,10183
05017,Chicot,2649,1670,4361
05019,Clark,3811,4343,8409
05021,Clay,1738,3225,5110
05023,Cleburne,2620,8693,11647
05025,Cleveland,845,2313,3266
05027,Columbia,3557,5790,9455
05029,Conway,3005,4514,7730
05031,Craighead,10527,20350,31700
05033,Crawford,4881,15145,20591
05035,Crittenden,9487,6998,16716
05037,Cross,2279,4269,6681
05039,Dallas,1337,1665,3084
05041,Desha,2443,1896,4420
05043,Drew,2630,3887,6633
05045,Faulkner,13621,26722,41460
05047,Franklin,1726,4631,6540
05049,Fulton,1452,2949,4522
05051,Garland,13804,26014,40728
05053,Grant,1468,4829,6479
05055,Greene,4000,9071,13761
05057,Hempstead,2468,4284,6921
05059,"Hot Spring",3830,7097,11260
05061,Howard,1471,2892,4462
05063,Independence,3281,8728,12397
05065,Izard,1524,3575,5278
05067,Jackson,2095,3072,5347
05069,Jefferson,17470,9520,27383
05071,Johnson,2799,5064,8098
05073,Lafayette,1173,1713,2929
05075,Lawrence,1788,3536,5540
05077,Lee,2107,1280,3424
05079,Lincoln,1425,2199,3726
05081,"Little River",1552,3385,5051
05083,Logan,2009,5079,7331
05085,Lonoke,5625,17880,24114
05087,Madison,2099,4263,6568
05089,Marion,2037,4774,7051
05091,Miller,4518,10622,15329
05093,Mississippi,6467,6603,13375
05095,Monroe,1583,1585,3230
05097,Montgomery,920,2369,3404
05099,Nevada,1314,1996,3384
05101,Newton,993,2508,3661
05103,Ouachita,4633,5521,10315
05105,Perry,1187,2581,3938
05107,Phillips,5202,2598,7930
05109,Pike,851,2847,3788
05111,Poinsett,2390,4974,7560
05113,Polk,1556,5955,7726
05115,Pope,5126,14763,20439
05117,Prairie,880,2153,3141
05119,Pulaski,87248,68984,159381
05121,Randolph,2046,3701,5956
05123,"St. Francis",4910,3368,8362
05125,Saline,12869,32963,47062
05127,Scott,897,2631,3640
05129,Searcy,814,2699,3694
05131,Sebastian,13092,29169,43362
05133,Sevier,1042,3136,4330
05135,Sharp,2092,4921,7283
05137,Stone,1356,3776,5354
05139,Union,6196,10699,17177
05141,"Van Buren",1832,4365,6430
05143,Washington,28236,39688,70460
05145,White,5765,20011,26514
05147,Woodruff,1340,1227,2685
05149,Yell,1722,4042,5974
06001,Alameda,469684,108182,595642
06003,Alpine,389,236,653
06005,Amador,6830,10281,17649
06007,Butte,42669,44479,90752
06009,Calaveras,8670,12363,21784
06011,Colusa,2314,3601,6034
06013,"Contra Costa",290824,136517,438226
06015,"Del Norte",3791,4614,8770
06017,"El Dorado",35166,50973,88774
06019,Fresno,129129,124490,258827
06021,Glenn,3301,5632,9211
06023,Humboldt,34457,18825,57470
06025,Imperial,25136,12777,38565
06027,Inyo,3422,4340,8036
06029,Kern,89495,126618,221472
06031,Kings,12979,17671,31418
06033,Lake,13163,9200,23391
06035,Lassen,3053,7296,10683
06037,"Los Angeles",2216903,885333,3181067
06039,Madera,16018,22852,39866
06041,Marin,99896,30880,134516
06043,Mariposa,3498,5140,9000
06045,Mendocino,23193,9658,35017
06047,Merced,33005,27581,62057
06049,Modoc,1111,2777,3986
06051,Mono,2733,2285,5181
06053,Monterey,82920,37390,123518
06055,Napa,35870,19526,56968
06057,Nevada,24663,24986,51676
06059,Orange,512440,582332,1122664
06061,Placer,66818,99921,171322
06063,Plumas,4026,5721,10047
06065,Riverside,329063,318127,661907
06067,Sacramento,300503,202514,516809
06069,"San Benito",11276,7343,19044
06071,"San Bernardino",305109,262358,581517
06073,"San Diego",626957,536726,1192282
06075,"San Francisco",301723,47076,361209
06077,"San Joaquin",114121,86071,204697
06079,"San Luis Obispo",61258,59967,125638
06081,"San Mateo",206085,72756,285720
06083,"Santa Barbara",94129,64606,163320
06085,"Santa Clara",450818,174843,643091
06087,"Santa Cruz",90805,24047,120095
06089,Shasta,25819,48067,76335
06091,Sierra,653,1056,1795
06093,Siskiyou,8046,11077,19910
06095,Solano,96783,52092,152444
06097,Sonoma,153942,54784,216508
06099,Stanislaus,77724,73459,155369
06101,Sutter,12192,18122,31026
06103,Tehama,7934,14235,22977
06105,Trinity,2674,2716,5674
06107,Tulare,41752,56956,101100
06109,Tuolumne,9998,13880,24687
06111,Ventura,170929,147958,326974
06113,Yolo,48715,23368,74475
06115,Yuba,7711,11275,19700
08001,Adams,100649,70972,176230
08003,Alamosa,3811,2705,6715
08005,Arapahoe,153905,125588,285515
08007,Archuleta,2679,3872,6734
08009,Baca,467,1559,2106
08011,Bent,815,1075,1942
08013,Boulder,125091,49981,179499
08014,Broomfield,16966,15008,32777
08015,Chaffee,5086,5070,10462
08017,Cheyenne,172,889,1093
08019,"Clear Creek",3119,2430,5743
08021,Conejos,2213,1835,4101
08023,Costilla,1340,446,1837
08025,Crowley,535,924,1502
08027,Custer,868,1788,2715
08029,Delta,4622,10915,15925
08031,Denver,222018,73111,301694
08033,Dolores,334,859,1245
08035,Douglas,61094,104397,168084
08037,Eagle,12792,9411,22668
08039,Elbert,3603,10266,14178
08041,"El Paso",111819,170952,290174
08043,Fremont,6704,13174,20416
08045,Garfield,11305,12535,24408
08047,Gilpin,1892,1346,3338
08049,Grand,3684,4253,8187
08051,Gunnison,5044,3341,8667
08053,Hinsdale,229,353,600
08055,Huerfano,1953,1646,3714
08057,Jackson,216,600,848
08059,Jefferson,159296,144197,311051
08061,Kiowa,118,677,821
08063,"Kit Carson",838,2785,3702
08065,Lake,1839,1098,3040
08067,"La Plata",15489,12794,29184
08069,Larimer,92747,82376,180180
08071,"Las Animas",3445,3263,6862
08073,Lincoln,552,1687,2287
08075,Logan,2712,6179,9124
08077,Mesa,23846,47472,72947
08079,Mineral,291,344,650
08081,Moffat,1330,4695,6168
08083,Montezuma,4542,7401,12318
08085,Montrose,6138,13552,20130
08087,Morgan,3912,6602,10777
08089,Otero,3647,4382,8192
08091,Ouray,1646,1481,3202
08093,Park,3862,5236,9366
08095,Phillips,588,1637,2265
08097,Pitkin,6849,3024,10075
08099,Prowers,1519,3230,4863
08101,Pueblo,42551,31894,76194
08103,"Rio Blanco",568,2724,3369
08105,"Rio Grande",2478,2918,5533
08107,Routt,7547,5469,13317
08109,Saguache,1864,964,2930
08111,"San Juan",266,212,506
08113,"San Miguel",2992,1154,4256
08115,Sedgwick,419,881,1337
08117,Summit,9347,5571,15312
08119,Teller,4333,8702,13407
08121,Washington,468,2076,2591
08123,Weld,49050,63775,115866
08125,Yuma,987,3490,4577
09001,Fairfield,217294,175168,396116
09003,Hartford,244639,143238,392019
09005,Litchfield,43856,47201,92312
09007,Middlesex,47855,34591,83492
09009,"New Haven",218972,138357,360832
09011,"New london",67144,46119,115093
09013,Tolland,39366,30450,70928
09015,Windham,25957,19768,46494
10001,Kent,35527,32135,68672
10003,"New Castle",167082,81230,251996
10005,Sussex,39975,52119,93222
11001,"District of Columbia",267070,21381,293764
12001,Alachua,69699,48797,120418
12003,Baker,2311,8975,11368
12005,Bay,22051,56876,79861
12007,Bradford,3325,8219,11635
12009,Brevard,122993,159300,285559
12011,Broward,508312,244101,756422
12013,Calhoun,1664,4366,6152
12015,Charlotte,35906,47996,84682
12017,Citrus,28460,44662,73935
12019,Clay,25759,70022,96589
12021,Collier,51698,96520,149112
12023,Columbia,8462,18429,27163
12027,Desoto,4174,5587,9865
12029,Dixie,1798,5052,6941
12031,Duval,196737,211615,411848
12033,Escambia,58185,88711,148502
12035,Flagler,23207,26969,50595
12037,Franklin,1845,3570,5474
12039,Gadsden,15770,6630,22499
12041,Gilchrist,1885,5917,7909
12043,Glades,1603,2344,3989
12045,Gulf,2014,4995,7108
12047,Hamilton,2228,3138,5407
12049,Hardee,2463,4696,7226
12051,Hendry,4751,5355,10185
12053,Hernando,37830,44938,83667
12055,Highlands,16148,25915,42444
12057,Hillsborough,286467,250186,542102
12059,Holmes,1264,6919,8274
12061,"Indian River",27492,43450,71464
12063,Jackson,7342,13418,20941
12065,Jefferson,3945,3808,7808
12067,Lafayette,687,2668,3399
12069,Lake,61799,87643,150811
12071,Lee,110157,154163,266166
12073,Leon,90881,55805,148353
12075,Levy,6119,12054,18399
12077,Liberty,942,2301,3284
12079,Madison,4176,4474,8715
12081,Manatee,66503,85627,153491
12083,Marion,66831,93043,161385
12085,Martin,30107,48183,78873
12086,Miami-Dade,541440,332981,878314
12087,Monroe,19404,19234,39057
12089,Nassau,10251,29929,40528
12091,Okaloosa,23421,70168,94798
12093,Okeechobee,4856,7328,12324
12095,Orange,273665,188589,466359
12097,Osceola,67239,40592,108698
12099,"Palm Beach",349651,247398,600721
12101,Pasco,98263,112427,213573
12103,Pinellas,239104,213258,457702
12105,Polk,114622,131577,248683
12107,Putnam,11667,19326,31324
12109,"St. Johns",35190,78513,114795
12111,"St. Lucie",65869,56202,123027
12113,"Santa Rosa",17768,58186,76846
12115,Sarasota,95119,110504,207480
12117,Seminole,96445,109943,208620
12119,Sumter,19524,40646,60479
12121,Suwannee,4751,12672,17629
12123,Taylor,2764,6249,9120
12125,Union,1339,3980,5393
12127,Volusia,114748,117490,234536
12129,Wakulla,5175,9290,14660
12131,Walton,6671,21490,28494
12133,Washington,2820,8038,10999
13001,Appling,1758,5233,7083
13003,Atkinson,930,1938,2902
13005,Bacon,791,3093,3930
13007,Baker,794,785,1589
13009,Baldwin,8483,7589,16232
13011,Banks,780,5354,6193
13013,Barrow,6028,18725,25186
13015,Bartow,8396,26876,35782
13017,"Ben Hill",2512,3396,5952
13019,Berrien,1273,4843,6200
13021,Bibb,38585,25623,64690
13023,Bleckley,1269,3587,4907
13025,Brantley,939,4964,6002
13027,Brooks,3138,3554,6742
13029,Bryan,3707,9560,13439
13031,Bulloch,9593,14174,24069
13033,Burke,5405,4301,9778
13035,Butts,2968,6306,9374
13037,Calhoun,1298,883,2188
13039,Camden,6377,11343,17983
13043,Candler,1157,2344,3528
13045,Carroll,12688,28280,41531
13047,Catoosa,5365,17858,23657
13049,Charlton,1197,2527,3763
13051,Chatham,60246,47204,108561
13053,Chattahoochee,729,735,1490
13055,Chattooga,2232,5452,7822
13057,Cherokee,19841,76514,98113
13059,Clarke,25431,13815,40196
13061,Clay,862,537,1402
13063,Clayton,81479,14164,96067
13065,Clinch,852,1598,2472
13067,Cobb,133124,171722,309870
13069,Coffee,5057,9248,14449
13071,Colquitt,3973,9243,13324
13073,Columbia,16451,41765,58915
13075,Cook,2042,3935,6028
13077,Coweta,15168,39653,55544
13079,Crawford,1706,3368,5132
13081,Crisp,3167,4182,7396
13083,Dade,1411,4471,6017
13085,Dawson,1241,8847,10238
13087,Decatur,4591,5824,10484
13089,DeKalb,238224,64392,305908
13091,Dodge,2442,5214,7733
13093,Dooly,2285,1985,4298
13095,Dougherty,26295,11449,37916
13097,Douglas,28441,26241,55247
13099,Early,2765,2557,5353
13101,Echols,173,917,1102
13103,Effingham,4947,15596,20791
13105,Elbert,3181,4859,8143
13107,Emanuel,2927,5100,8082
13109,Evans,1268,2268,3563
13111,Fannin,2028,7857,10012
13113,Fayette,19736,38075,58537
13115,Floyd,9640,22733,32829
13117,Forsyth,14571,65908,81682
13119,Franklin,1499,6114,7759
13121,Fulton,255470,137124,397255
13123,Gilmer,1958,8926,11018
13125,Glascock,176,1135,1333
13127,Glynn,11950,20893,33124
13129,Gordon,3440,13197,16886
13131,Grady,3419,5924,9393
13133,Greene,3201,5071,8323
13135,Gwinnett,132509,159855,296496
13137,Habersham,2301,12166,14622
13139,Hall,12999,47481,61324
13141,Hancock,3308,769,4088
13143,Haralson,1789,8446,10372
13145,Harris,4145,11197,15487
13147,Hart,2870,6517,9503
13149,Heard,948,3160,4169
13151,Henry,43761,46774,91348
13153,Houston,22702,34662,58003
13155,Irwin,1141,2538,3709
13157,Jackson,4238,19135,23686
13159,Jasper,1845,4136,6031
13161,"Jeff Davis",1275,3996,5336
13163,Jefferson,4261,2999,7298
13165,Jenkins,1488,1887,3390
13167,Johnson,1305,2440,3772
13169,Jones,4274,7744,12105
13171,Lamar,2602,4899,7592
13173,Lanier,1114,1820,2972
13175,Laurens,7513,11950,19599
13177,Lee,3196,10314,13620
13179,Liberty,10457,5565,16169
13181,Lincoln,1586,2807,4426
13183,Long,1442,2306,3800
13185,Lowndes,17470,21327,39120
13187,Lumpkin,2055,8647,10898
13189,McDuffie,4044,5475,9589
13191,McIntosh,2864,3409,6341
13193,Macon,3211,1545,4781
13195,Madison,2494,8443,11089
13197,Marion,1412,1733,3170
13199,Meriwether,4331,4856,9263
13201,Miller,852,1905,2775
13205,Mitchell,4081,4155,8275
13207,Monroe,3785,8361,12274
13209,Montgomery,1135,2662,3831
13211,Morgan,2753,6186,9027
13213,Murray,2542,8443,11213
13215,Muscogee,42573,27510,70567
13217,Newton,21851,20982,43226
13219,Oconee,4421,13098,17807
13221,Oglethorpe,1914,4251,6260
13223,Paulding,15825,40846,57375
13225,Peach,6148,5287,11513
13227,Pickens,1975,10547,12673
13229,Pierce,1124,5667,6846
13231,Pike,1356,6668,8108
13233,Polk,3615,9811,13601
13235,Pulaski,1219,2444,3681
13237,Putnam,2926,6215,9219
13239,Quitman,612,510,1128
13241,Rabun,1559,5754,7441
13243,Randolph,1770,1271,3058
13245,Richmond,52560,25845,78988
13247,Rockdale,22023,15716,38069
13249,Schley,448,1286,1748
13251,Screven,2774,3287,6100
13253,Seminole,1478,2245,3769
13255,Spalding,9898,14911,25081
13257,Stephens,2131,7221,9489
13259,Stewart,1323,745,2076
13261,Sumter,6375,5378,11831
13263,Talbot,2265,1202,3491
13265,Taliaferro,636,323,963
13267,Tattnall,1897,4706,6665
13269,Taylor,1572,1948,3538
13271,Telfair,1805,2480,4336
13273,Terrell,2544,1834,4398
13275,Thomas,7653,11156,18948
13277,Tift,4660,9185,13927
13279,Toombs,2746,6524,9344
13281,Towns,1273,4876,6211
13283,Treutlen,1074,1652,2750
13285,Troup,10547,15179,25986
13287,Turner,1510,2028,3559
13289,Twiggs,2270,1907,4202
13291,Union,2139,8773,11076
13293,Upson,3959,7230,11263
13295,Walker,5274,16247,21886
13297,Walton,8148,29036,37597
13299,Ware,3900,7941,11939
13301,Warren,1529,990,2526
13303,Washington,4714,4035,8807
13305,Wayne,2596,7557,10264
13307,Webster,582,601,1187
13309,Wheeler,772,1366,2160
13311,White,1671,8651,10476
13313,Whitfield,7210,19305,26861
13315,Wilcox,1060,2053,3128
13317,Wilkes,2087,2635,4761
13319,Wilkinson,2181,2246,4450
13321,Worth,2487,5869,8416
15001,Hawaii,47224,14753,63454
15003,Honolulu,204349,88461,296742
15007,Kauai,18641,6121,25372
15009,Maui,36052,11602,48653
16001,Ada,77137,97554,180546
16003,Adams,577,1413,2060
16005,Bannock,13214,21010,35260
16007,"Bear Lake",302,2489,2822
16009,Benewah,1164,2596,3884
16011,Bingham,3822,13440,17603
16013,Blaine,5992,3939,10194
16015,Boise,1053,2284,3445
16017,Bonner,6500,11367,18536
16019,Bonneville,9903,32276,43213
16021,Boundary,1225,3138,4544
16023,Butte,258,1001,1286
16025,Camas,159,402,578
16027,Canyon,19866,44369,66090
16029,Caribou,386,2608,3052
16031,Cassia,1098,7154,8396
16033,Clark,66,235,328
16035,Clearwater,1032,2541,3696
16037,Custer,530,1744,2352
16039,Elmore,2513,5227,8001
16041,Franklin,325,5195,5600
16043,Fremont,810,4907,5802
16045,Gem,1957,5311,7490
16047,Gooding,1287,3696,5118
16049,Idaho,1708,5921,7837
16051,Jefferson,1303,9895,11381
16053,Jerome,1699,4804,6681
16055,Kootenai,18851,39381,59828
16057,Latah,8306,7589,16759
16059,Lemhi,960,3029,4110
16061,Lewis,396,1173,1614
16063,Lincoln,469,1141,1662
16065,Madison,832,13445,14412
16067,Minidoka,1390,5442,6973
16069,"Nez Perce",6451,9967,16848
16071,Oneida,217,1838,2089
16073,Owyhee,833,2794,3724
16075,Payette,2271,6004,8495
16077,Power,982,1870,2903
16079,Shoshone,2277,2699,5148
16081,Teton,1926,2458,4523
16083,"Twin Falls",7541,19773,28142
16085,Valley,2095,2664,4919
16087,Washington,1104,3128,4330
17001,ADAMS,9648,20416,30607
17003,ALEXANDER,1965,1487,3501
17005,BOND,3020,4095,7336
17007,BOONE,9883,11096,21365
17009,BROWN,787,1513,2364
17011,BUREAU,8134,8164,16631
17013,CALHOUN,1080,1440,2576
17015,CARROLL,3665,3555,7386
17017,CASS,2053,2707,4862
17019,CHAMPAIGN,40831,35312,78359
17021,CHRISTIAN,5494,8885,14701
17023,CLARK,2591,5144,7860
17025,CLAY,1584,4190,5908
17027,CLINTON,5596,10524,16450
17029,COLES,9262,11631,21358
17031,COOK,1488537,495542,2011598
17033,CRAWFORD,2858,5585,8609
17035,CUMBERLAND,1641,3509,5295
17037,DeKALB,21207,18934,41092
17039,"DE WITT",2601,4579,7345
17041,DOUGLAS,2430,5334,7897
17043,DuPAGE,199460,195046,401081
17045,EDGAR,2565,5132,7819
17047,EDWARDS,754,2405,3228
17049,EFFINGHAM,3861,12501,16613
17051,FAYETTE,2853,5951,8971
17053,FORD,1656,4229,6006
17055,FRANKLIN,7254,10267,17914
17057,FULTON,8328,6632,15356
17059,GALLATIN,1029,1492,2573
17061,GREENE,2023,3451,5622
17063,GRUNDY,9451,11343,21244
17065,HAMILTON,1269,2566,3941
17067,HANCOCK,3650,5271,9111
17069,HARDIN,742,1535,2330
17071,HENDERSON,1978,1541,3568
17073,HENRY,12332,11583,24322
17075,IROQUOIS,3413,9120,12784
17077,JACKSON,13319,9864,24012
17079,JASPER,1436,3514,5043
17081,JEFFERSON,6089,9811,16320
17083,JERSEY,3667,6039,9959
17085,"JO DAVIESS",5667,5534,11429
17087,JOHNSON,1572,3963,5672
17089,KANE,90332,88335,181648
17091,KANKAKEE,21595,23136,45509
17093,KENDALL,22471,24047,47295
17095,KNOX,13451,9408,23278
17097,LAKE,153757,129764,287493
17099,LaSALLE,23073,23256,47259
17101,LAWRENCE,2011,3857,5989
17103,LEE,6937,8059,15301
17105,LIVINGSTON,5020,9753,15039
17107,LOGAN,3978,7844,12053
17109,McDONOUGH,5967,6147,12454
17111,McHENRY,59797,71598,133844
17113,McLEAN,31883,39947,73382
17115,MACON,22780,25309,48899
17117,MACOUPIN,9464,10946,21010
17119,MADISON,58922,60608,122473
17121,MARION,6225,9248,15764
17123,MARSHALL,2455,3290,5850
17125,MASON,2867,3265,6272
17127,MASSAC,2092,4278,6495
17129,MENARD,2100,3948,6151
17131,MERCER,4507,3876,8534
17133,MONROE,6215,10888,17432
17135,MONTGOMERY,5058,6776,12133
17137,MORGAN,5806,7972,14096
17139,MOULTRIE,2144,3784,6057
17141,OGLE,9514,13422,23367
17143,PEORIA,40209,36774,78411
17145,PERRY,3819,5507,9549
17147,PIATT,3090,5413,8707
17149,PIKE,2278,4860,7286
17151,POPE,650,1512,2222
17153,PULASKI,1389,1564,3003
17155,PUTNAM,1559,1502,3135
17157,RANDOLPH,5759,8290,14392
17159,RICHLAND,2362,4756,7282
17161,"ROCK ISLAND",39157,24934,65016
17163,"ST. CLAIR",67285,50125,119466
17165,SALINE,3701,6806,10720
17167,SANGAMON,42107,50225,94297
17169,SCHUYLER,1727,2069,3890
17171,SCOTT,910,1587,2555
17173,SHELBY,3342,6843,10395
17175,STARK,1095,1528,2662
17177,STEPHENSON,10165,10512,21055
17179,TAZEWELL,24438,35335,61048
17181,UNION,3137,4957,8282
17183,VERMILION,12878,16892,30314
17185,WABASH,1590,3478,5134
17187,WARREN,4044,3618,7793
17189,WASHINGTON,2450,4792,7405
17191,WAYNE,1514,5988,7680
17193,WHITE,2188,4731,7064
17195,WHITESIDE,14833,10448,25768
17197,WILL,144229,128969,277387
17199,WILLIAMSON,10647,17909,29143
17201,WINNEBAGO,61732,55138,118984
17203,WOODFORD,5572,12961,18874
18001,Adams,3806,8937,13011
18003,Allen,60036,84613,146939
18005,Bartholomew,10625,18083,29326
18007,Benton,1159,2329,3578
18009,Blackford,1927,2711,4743
18011,Boone,8328,18808,27737
18013,Brown,3060,4332,7604
18015,Carroll,2635,4999,7810
18017,Cass,5371,8443,14161
18019,Clark,20807,25450,47146
18021,Clay,3460,7096,10784
18023,Clinton,3308,6338,9883
18025,Crawford,2041,2421,4590
18027,Daviess,2437,7638,10250
18029,Dearborn,6528,15394,22356
18031,Decatur,2941,7119,10308
18033,DeKalb,5419,10587,16328
18035,Delaware,22654,21251,44968
18037,Dubois,6522,11654,18542
18039,Elkhart,24399,42378,67852
18041,Fayette,3555,5045,8837
18043,Floyd,14812,19878,35305
18045,Fountain,2237,4664,7111
18047,Franklin,2909,7424,10560
18049,Fulton,2621,5317,8126
18051,Gibson,4928,9487,14721
18053,Grant,9589,15151,25285
18055,Greene,4350,8457,13111
18057,Hamilton,43796,90747,136863
18059,Hancock,9319,22796,32843
18061,Harrison,6607,10640,17671
18063,Hendricks,21112,44312,66644
18065,Henry,7613,10838,19007
18067,Howard,15135,20327,36290
18069,Huntington,4596,10862,15765
18071,Jackson,5838,10419,16712
18073,Jasper,4672,7955,12896
18075,Jay,3063,4645,7901
18077,Jefferson,5728,7096,13126
18079,Jennings,3821,6120,10250
18081,Johnson,17260,39513,57964
18083,Knox,5228,9612,15145
18085,Kosciusko,6862,22558,30060
18087,LaGrange,2898,6231,9316
18089,Lake,130897,68431,201758
18091,LaPorte,24107,18615,43681
18093,Lawrence,5779,11622,17822
18095,Madison,24407,26769,52370
18097,Marion,216336,136509,359009
18099,Marshall,6137,11260,17765
18101,Martin,1351,3262,4743
18103,Miami,4222,8174,12781
18105,Monroe,33436,22481,57223
18107,Montgomery,4271,9824,14440
18109,Morgan,7969,19591,28266
18111,Newton,2212,3291,5654
18113,Noble,5229,10680,16244
18115,Ohio,994,1759,2819
18117,Orange,2939,4617,7776
18119,Owen,2823,5062,8113
18121,Parke,2110,4234,6515
18123,Perry,4316,3403,7875
18125,Pike,2125,3627,5926
18127,Porter,37252,34406,73039
18129,Posey,4533,7430,12226
18131,Pulaski,1899,3366,5399
18133,Putnam,4507,9005,13829
18135,Randolph,3769,6218,10189
18137,Ripley,3241,7484,10983
18139,Rush,2221,4633,7026
18141,"St. Joseph",56460,52578,110704
18143,Scott,3998,4539,8720
18145,Shelby,5359,10978,16760
18147,Spencer,4026,5515,9728
18149,Starke,3809,4738,8754
18151,Steuben,4853,8547,13695
18153,Sullivan,3191,4902,8290
18155,Switzerland,1437,1872,3397
18157,Tippecanoe,26711,28757,56896
18159,Tipton,2432,4773,7365
18161,Union,1018,2022,3100
18163,Vanderburgh,31725,39389,72404
18165,Vermillion,2979,3426,6581
18167,Vigo,19712,19369,39877
18169,Wabash,3973,8644,12874
18171,Warren,1324,2377,3800
18173,Warrick,8793,15351,24630
18175,Washington,3909,6533,10737
18177,Wayne,10591,14321,25477
18179,Wells,3436,9256,12935
18181,White,3637,5970,9903
18183,Whitley,4420,10258,15011
19001,Adair,1790,2114,3996
19003,Adams,1028,1108,2185
19005,Allamakee,3553,3264,6934
19007,Appanoose,2951,3161,6245
19009,Audubon,1611,1802,3457
19011,Benton,6862,6940,14023
19013,"Black Hawk",39821,26235,67141
19015,Boone,7512,6556,14388
19017,Bremer,6763,6405,13346
19019,Buchanan,5911,4450,10535
19021,"Buena Vista",3700,4554,8383
19023,Butler,3329,4106,7545
19025,Calhoun,2238,2891,5230
19027,Carroll,4947,5601,10674
19029,Cass,2858,4217,7205
19031,Cedar,4972,4529,9649
19033,"Cerro Gordo",13316,10128,23824
19035,Cherokee,2634,3662,6415
19037,Chickasaw,3554,2836,6484
19039,Clarke,2189,2124,4430
19041,Clay,3385,4951,8502
19043,Clayton,4806,4164,9138
19045,Clinton,15141,9432,25000
19047,Crawford,3066,3595,6752
19049,Dallas,16576,20988,38116
19051,Davis,1520,2138,3773
19053,Decatur,1791,1947,3833
19055,Delaware,4616,4636,9378
19057,"Des Moines",11888,8136,20385
19059,Dickinson,4095,5912,10159
19061,Dubuque,28768,21280,50894
19063,Emmet,2099,2507,4687
19065,Fayette,5732,4492,10366
19067,Floyd,4680,3472,8257
19069,Franklin,2266,2823,5186
19071,Fremont,1637,1972,3668
19073,Greene,2375,2380,4846
19075,Grundy,2635,4215,6962
19077,Guthrie,2569,3171,5888
19079,Hamilton,3782,3991,7927
19081,Hancock,2521,3317,5925
19083,Hardin,4075,4670,8898
19085,Harrison,3136,4065,7322
19087,Henry,4460,5035,9697
19089,Howard,2768,1795,4645
19091,Humboldt,1972,3099,5158
19093,Ida,1321,2286,3663
19095,Iowa,4144,4569,8866
19097,Jackson,5907,4177,10242
19099,Jasper,10257,8877,19515
19101,Jefferson,4798,3436,8530
19103,Johnson,50666,23698,75977
19105,Jones,5534,4721,10449
19107,Keokuk,2303,2843,5266
19109,Kossuth,3850,4937,8923
19111,Lee,10714,7785,18911
19113,Linn,68581,47622,118453
19115,Louisa,2452,2420,4968
19117,Lucas,1987,2254,4323
19119,Lyon,1423,4978,6509
19121,Madison,3630,4638,8458
19123,Mahaska,4213,6448,10883
19125,Marion,7507,9828,17687
19127,Marshall,10257,8472,19064
19129,Mills,2848,4216,7212
19131,Mitchell,2831,2643,5586
19133,Monona,2101,2557,4742
19135,Monroe,1731,2026,3830
19137,Montgomery,1922,3001,5025
19139,Muscatine,11323,8168,19865
19141,"O'Brien",1969,5266,7341
19143,Osceola,912,2230,3194
19145,Page,2613,4348,7079
19147,"Palo Alto",2139,2660,4887
19149,Plymouth,4164,8597,12950
19151,Pocahontas,1523,2396,4032
19153,Polk,128465,96096,228882
19155,Pottawattamie,19644,21860,42301
19157,Poweshiek,5357,4424,9975
19159,Ringgold,1186,1368,2599
19161,Sac,2122,3094,5291
19163,Scott,50652,38251,90263
19165,Shelby,2469,3911,6483
19167,Sioux,2700,14407,17308
19169,Story,26192,19668,47150
19171,Tama,4768,4098,9017
19173,Taylor,1262,1683,2995
19175,Union,3043,2813,5957
19177,"Van Buren",1402,2064,3569
19179,Wapello,8663,6789,15770
19181,Warren,12551,13052,26072
19183,Washington,5115,5562,11004
19185,Wayne,1251,1583,2900
19187,Webster,9537,8469,18292
19189,Winnebago,2903,2906,5918
19191,Winneshiek,6256,4622,11084
19193,Woodbury,22302,21841,45019
19195,Worth,2350,1744,4172
19197,Wright,2836,3349,6278
20001,ALLEN,1869,3316,5310
20003,ANDERSON,944,2276,3315
20005,ATCHISON,2567,3917,6674
20007,BARBER,482,1772,2314
20009,BARTON,2297,7874,10341
20011,BOURBON,1996,4102,6254
20013,BROWN,1076,2829,3993
20015,BUTLER,7282,18157,26085
20017,CHASE,358,875,1271
20019,CHAUTAUQUA,280,1304,1630
20021,CHEROKEE,2930,5456,8571
20023,CHEYENNE,233,1159,1426
20025,CLARK,174,805,1017
20027,CLAY,834,2788,3686
20029,CLOUD,974,2954,4058
20031,COFFEY,898,2903,3906
20033,COMANCHE,143,767,928
20035,COWLEY,4319,8081,12710
20037,CRAWFORD,6826,7708,14945
20039,DECATUR,266,1218,1532
20041,DICKINSON,2020,5832,8042
20043,DONIPHAN,902,2414,3403
20045,DOUGLAS,29267,17401,48145
20047,EDWARDS,298,1059,1385
20049,ELK,281,1049,1369
20051,ELLIS,3057,8399,11714
20053,ELLSWORTH,702,1930,2712
20055,FINNEY,2682,6219,9084
20057,FORD,2600,5602,8362
20059,FRANKLIN,3694,6984,10990
20061,GEARY,3332,4372,7845
20063,GOVE,176,1168,1383
20065,GRAHAM,256,1056,1340
20067,GRANT,456,1811,2306
20069,GRAY,324,1603,1958
20071,GREELEY,113,543,670
20073,GREENWOOD,478,1590,2123
20075,HAMILTON,163,693,877
20077,HARPER,550,1759,2389
20079,HARVEY,5373,8588,14294
20081,HASKELL,215,1159,1396
20083,HODGEMAN,179,868,1060
20085,JACKSON,1901,3527,5561
20087,JEFFERSON,2977,4827,8013
20089,JEWELL,229,1235,1497
20091,JOHNSON,110526,158401,274365
20093,KEARNY,268,1097,1386
20095,KINGMAN,733,2397,3231
20097,KIOWA,163,976,1144
20099,LABETTE,3117,4742,8037
20101,LANE,172,739,928
20103,LEAVENWORTH,11357,17059,29085
20105,LINCOLN,289,1165,1483
20107,LINN,1170,3177,4467
20109,LOGAN,197,1126,1350
20111,LYON,5111,6470,11875
20113,MCPHERSON,3449,8545,12297
20115,MARION,1385,3889,5409
20117,MARSHALL,1469,3195,4773
20119,MEADE,258,1428,1709
20121,MIAMI,4712,9858,14856
20123,MITCHELL,584,2327,2965
20125,MONTGOMERY,3501,8630,12417
20127,MORRIS,718,1773,2562
20129,MORTON,189,1072,1278
20131,NEMAHA,1000,3930,5026
20133,NEOSHO,2050,4272,6480
20135,NESS,218,1209,1444
20137,NORTON,398,1878,2325
20139,OSAGE,2268,4427,6906
20141,OSBORNE,324,1479,1838
20143,OTTAWA,558,2295,2933
20145,PAWNEE,718,1836,2608
20147,PHILLIPS,382,2135,2565
20149,POTTAWATOMIE,2335,6804,9479
20151,PRATT,980,2771,3801
20153,RAWLINS,190,1223,1444
20155,RENO,8085,15718,24422
20157,REPUBLIC,477,2134,2686
20159,RICE,911,2676,3681
20161,RILEY,8977,11507,21101
20163,ROOKS,361,2038,2460
20165,RUSH,367,1166,1570
20167,RUSSELL,593,2553,3200
20169,SALINE,7040,13840,21496
20171,SCOTT,277,1728,2052
20173,SEDGWICK,71977,106506,182895
20175,SEWARD,1490,3617,5176
20177,SHAWNEE,36975,37782,76508
20179,SHERIDAN,168,1154,1342
20181,SHERMAN,577,1976,2623
20183,SMITH,358,1624,2023
20185,STAFFORD,404,1385,1839
20187,STANTON,143,605,759
20189,STEVENS,252,1749,2034
20191,SUMNER,2658,6260,9141
20193,THOMAS,598,2788,3474
20195,TREGO,291,1261,1579
20197,WABAUNSEE,918,2256,3267
20199,WALLACE,68,719,798
20201,WASHINGTON,524,2316,2889
20203,WICHITA,157,821,987
20205,WILSON,1636,5650,7434
20207,WOODSON,380,1035,1447
20209,WYANDOTTE,34302,15496,50738
21001,Adair,1660,5841,7600
21003,Allen,1808,5184,7100
21005,Anderson,3315,6822,10320
21007,Ballard,1189,2647,3895
21009,Barren,5400,10922,16568
21011,Bath,1770,2275,4122
21013,Bell,2224,7127,9482
21015,Boone,15629,35922,52511
21017,Bourbon,3075,4692,7923
21019,Boyd,7776,10884,19049
21021,Boyle,4471,7703,12373
21023,Bracken,1147,2029,3232
21025,Breathitt,1562,3318,5008
21027,Breckinridge,2825,5025,7969
21029,Bullitt,9971,21306,31779
21031,Butler,1293,3716,5060
21033,Caldwell,1852,3904,5860
21035,Calloway,5317,9440,15072
21037,Campbell,15080,24240,40177
21039,Carlisle,750,1835,2619
21041,Carroll,1629,1999,3680
21043,Carter,3383,5279,8908
21045,Casey,1086,4904,6091
21047,Christian,8252,13475,21955
21049,Clark,5228,9931,15416
21051,Clay,1111,6176,7383
21053,Clinton,752,3569,4393
21055,Crittenden,960,2839,3854
21057,Cumberland,599,2216,2854
21059,Daviess,16208,25092,42087
21061,Edmonson,1374,3232,4668
21063,Elliott,1186,1126,2399
21065,Estill,1356,3749,5184
21067,Fayette,62080,60795,125866
21069,Fleming,1911,3780,5782
21071,Floyd,4733,9784,14890
21073,Franklin,11535,11345,23337
21075,Fulton,1022,1425,2481
21077,Gallatin,1238,1758,3061
21079,Garrard,1661,5310,7077
21081,Grant,2810,5664,8608
21083,Graves,4547,10699,15503
21085,Grayson,2744,6404,9271
21087,Green,1165,3634,4856
21089,Greenup,6027,8855,15168
21091,Hancock,1833,2212,4134
21093,Hardin,15214,23357,39218
21095,Harlan,1830,8652,10657
21097,Harrison,2471,4556,7163
21099,Hart,2283,4257,6622
21101,Henderson,8091,10296,18622
21103,Henry,2530,3940,6590
21105,Hickman,686,1431,2139
21107,Hopkins,5789,13681,19767
21109,Jackson,612,4365,5061
21111,Jefferson,186181,148423,339579
21113,Jessamine,6001,14233,20633
21115,Johnson,1723,7095,9035
21117,Kenton,24920,41389,67704
21119,Knott,1420,4130,5693
21121,Knox,2484,8467,11100
21123,Larue,1733,3911,5764
21125,Laurel,3905,18151,22408
21127,Lawrence,1520,3995,5592
21129,Lee,595,1977,2623
21131,Leslie,433,4439,4950
21133,Letcher,1702,6811,8758
21135,Lewis,1342,3326,4769
21137,Lincoln,2582,6416,9152
21139,Livingston,1346,3089,4511
21141,Logan,3469,6899,10510
21143,Lyon,1373,2412,3839
21145,McCracken,10062,19979,30551
21147,McCreary,1069,4564,5707
21149,McLean,1432,2705,4200
21151,Madison,11512,21128,33322
21153,Magoffin,1433,3391,4906
21155,Marion,3418,3800,7318
21157,Marshall,5022,10402,15719
21159,Martin,574,3180,3824
21161,Mason,2592,4197,6881
21163,Meade,4122,6606,10916
21165,Menifee,1048,1484,2598
21167,Mercer,2966,6820,9939
21169,Metcalfe,1425,2676,4184
21171,Monroe,936,3762,4746
21173,Montgomery,3701,6398,10248
21175,Morgan,1369,3021,4472
21177,Muhlenberg,4771,7762,12739
21179,Nelson,7611,10673,18533
21181,Nicholas,948,1583,2581
21183,Ohio,2987,6470,9646
21185,Oldham,9240,20179,29884
21187,Owen,1501,2971,4557
21189,Owsley,283,1279,1580
21191,Pendleton,1859,3556,5534
21193,Perry,2047,8040,10241
21195,Pike,5646,17590,23636
21197,Powell,1620,2766,4481
21199,Pulaski,4976,20714,26003
21201,Robertson,340,579,935
21203,Rockcastle,1097,5028,6216
21205,Rowan,3438,4035,7665
21207,Russell,1445,6346,7909
21209,Scott,7532,12679,20573
21211,Shelby,6634,11790,18663
21213,Simpson,2650,4355,7093
21215,Spencer,2549,5726,8431
21217,Taylor,3285,7551,10950
21219,Todd,1403,3247,4718
21221,Trigg,2115,4520,6742
21223,Trimble,1355,2133,3543
21225,Union,1942,3955,5979
21227,Warren,16805,26384,43903
21229,Washington,1669,3495,5219
21231,Wayne,1855,5289,7210
21233,Webster,1765,3607,5470
21235,Whitley,2683,10232,13072
21237,Wolfe,976,1542,2559
21239,Woodford,4883,7219,12332
22001,Acadia,6560,19931,26835
22003,Allen,2617,6495,9307
22005,Ascension,16349,33856,51073
22007,Assumption,4754,6083,10992
22009,Avoyelles,6077,10670,17032
22011,Beauregard,2828,11112,14225
22013,Bienville,3490,3641,7203
22015,Bossier,12956,34988,48562
22017,Caddo,58042,52459,111765
22019,Calcasieu,28359,51850,81726
22021,Caldwell,1016,3640,4716
22023,Cameron,408,3260,3744
22025,Catahoula,1408,2744,4193
22027,Claiborne,3014,3649,6732
22029,Concordia,3833,5450,9380
22031,"De Soto",5553,7353,13051
22033,"East Baton Rouge",102656,92292,198171
22035,"East Carroll",2478,1508,4008
22037,"East Feliciana",4648,5397,10209
22039,Evangeline,5330,10181,15770
22041,Franklin,2921,6294,9336
22043,Grant,1422,7082,8667
22045,Iberia,12132,20892,33397
22047,Iberville,9548,7271,17014
22049,Jackson,2305,5132,7529
22051,Jefferson,70384,102536,176343
22053,"Jefferson Davis",3484,10014,13734
22055,Lafayette,31768,64992,98642
22057,Lafourche,9623,28592,39075
22059,"La Salle",764,5726,6572
22061,Lincoln,7956,10739,18993
22063,Livingston,7451,45513,54062
22065,Madison,3154,2000,5187
22067,Morehouse,5888,6591,12614
22069,Natchitoches,7942,9077,17258
22071,Orleans,126722,28003,157813
22073,Ouachita,26645,40948,68474
22075,Plaquemines,3599,6471,10239
22077,"Pointe Coupee",5436,6548,12147
22079,Rapides,20045,37193,58019
22081,"Red River",2253,2483,4807
22083,Richland,3387,5846,9329
22085,Sabine,2194,7738,10053
22087,"St. Bernard",5059,8501,13955
22089,"St. Charles",8896,15937,25333
22091,"St. Helena",3780,2529,6394
22093,"St. James",7059,5209,12395
22095,"St. John The Baptist",13179,7620,21123
22097,"St. Landry",19668,21475,41647
22099,"St. Martin",9422,15653,25433
22101,"St. Mary",9450,13885,23640
22103,"St. Tammany",25728,84723,112902
22105,Tangipahoa,17722,31590,50099
22107,Tensas,1564,1230,2812
22109,Terrebonne,12074,29503,42341
22111,Union,3075,7561,10766
22113,Vermilion,5720,18910,24987
22115,Vernon,3173,12150,15610
22117,Washington,6466,11798,18581
22119,Webster,6802,11400,18416
22121,"West Baton Rouge",5692,6922,12774
22123,"West Carroll",853,3628,4548
22125,"West Feliciana",2441,3257,5777
22127,Winn,1919,4541,6534
23001,Androscoggin,28989,22232,54063
23003,Aroostook,17777,15196,34516
23005,Cumberland,101950,57821,165529
23007,Franklin,9367,6369,16815
23009,Hancock,17569,12324,31263
23011,Kennebec,35068,26519,64596
23013,Knox,13223,8248,22521
23015,Lincoln,11315,8899,21001
23017,Oxford,16330,11996,30074
23019,Penobscot,38811,36547,78780
23021,Piscataquis,4149,4530,9106
23023,Sagadahoc,11821,8429,21268
23025,Somerset,12216,11800,25231
23027,Waldo,11296,9058,21336
23029,Washington,7803,7550,16109
23031,York,61551,43900,109483
24001,Allegany,9805,19230,29850
24003,"Anne Arundel",126635,126832,260155
24005,Baltimore,220322,154908,384782
24009,Calvert,20529,23952,45518
24011,Caroline,4970,8098,13357
24013,Carroll,27939,56761,87536
24015,Cecil,16557,24806,42480
24017,Charles,48774,25178,75222
24019,Dorchester,7257,7976,15444
24021,Frederick,55146,58798,117115
24023,Garrett,3124,9743,13157
24025,Harford,49729,72911,125954
24027,Howard,91393,57758,153108
24029,Kent,4842,4870,9904
24031,Montgomery,323400,123353,455992
24033,"Prince George's",347938,35734,387744
24035,"Queen Anne's",8556,15823,24888
24037,"St. Mary's",19711,26797,47824
24039,Somerset,5240,5042,10399
24041,Talbot,8808,11339,20459
24043,Washington,25042,36074,62755
24045,Wicomico,19635,21764,42259
24047,Worcester,11014,15951,27420
24510,"Baltimore City",221478,28171,254005
25001,Barnstable,70822,60446,133115
25003,Berkshire,48843,14252,64486
25005,Bristol,142962,93752,241509
25007,Dukes,7978,2792,10968
25009,Essex,210302,150480,366357
25011,Franklin,27072,9344,37758
25013,Hampden,123619,73392,200399
25015,Hampshire,57359,21480,81621
25017,Middlesex,471804,267321,754170
25019,Nantucket,3830,2187,6120
25021,Norfolk,202714,148393,356523
25023,Plymouth,131845,121086,256531
25025,Suffolk,223896,59999,289098
25027,Worcester,198244,163390,369112
26001,ALCONA,2472,3571,6104
26003,ALGER,2212,2330,4618
26005,ALLEGAN,20806,31123,52619
26007,ALPENA,6549,7298,14014
26009,ANTRIM,5107,7917,13195
26011,ARENAC,3669,4057,7841
26013,BARAGA,1574,1866,3490
26015,BARRY,11491,16655,28512
26017,BAY,27877,24911,53381
26019,BENZIE,4685,5075,9901
26021,BERRIEN,33465,38209,72497
26023,BRANCH,6913,10035,17147
26025,CALHOUN,29267,28333,58327
26027,CASS,9591,12659,22490
26029,CHARLEVOIX,5939,8000,14090
26031,CHEBOYGAN,5831,7286,13311
26033,CHIPPEWA,7100,8278,15564
26035,CLARE,6338,6988,13504
26037,CLINTON,18191,20650,39235
26039,CRAWFORD,2994,3744,6814
26041,DELTA,8330,9534,18050
26043,DICKINSON,4952,7688,12810
26045,EATON,27913,26197,54788
26047,EMMET,7225,10253,17709
26049,GENESEE,128978,71808,202933
26051,GLADWIN,5760,6661,12583
26053,GOGEBIC,4058,3444,7576
26055,"GRAND TRAVERSE",20875,26534,47999
26057,GRATIOT,7610,8241,16035
26059,HILLSDALE,7106,11727,19100
26061,HOUGHTON,6801,8196,15282
26063,HURON,6518,8806,15484
26065,INGHAM,80847,45306,127910
26067,IONIA,11018,14315,25761
26069,IOSCO,6242,6909,13344
26071,IRON,2687,3224,5988
26073,ISABELLA,13038,10800,24119
26075,JACKSON,32301,36298,69446
26077,KALAMAZOO,69051,52662,123178
26079,KALKASKA,3272,4901,8299
26081,KENT,133408,155925,292985
26083,KEWEENAW,582,774,1392
26085,LAKE,2752,2487,5287
26087,LAPEER,18796,23734,43115
26089,LEELANAU,6576,7483,14176
26091,LENAWEE,21776,22351,44724
26093,LIVINGSTON,37216,60083,98337
26095,LUCE,991,1580,2596
26097,MACKINAC,2652,3397,6099
26099,MACOMB,208016,191913,404086
26101,MANISTEE,6473,5737,12402
26103,MARQUETTE,18115,13606,32194
26105,MASON,6856,7580,14604
26107,MECOSTA,7515,9176,16913
26109,MENOMINEE,5242,5564,10923
26111,MIDLAND,17450,23919,41754
26113,MISSAUKEE,2274,4665,7027
26115,MONROE,36310,35593,72853
26117,MONTCALM,11430,13621,25431
26119,MONTMORENCY,2049,2928,5051
26121,MUSKEGON,44436,30884,76163
26123,NEWAYGO,8728,12457,21478
26125,OAKLAND,349002,296514,651607
26127,OCEANA,5063,6239,11450
26129,OGEMAW,4791,5437,10361
26131,ONTONAGON,1586,1906,3539
26133,OSCEOLA,3981,6141,10278
26135,OSCODA,1657,2308,4042
26137,OTSEGO,4681,7011,11832
26139,OTTAWA,42737,88166,132312
26141,"PRESQUE ISLE",3192,3794,7080
26143,ROSCOMMON,6198,6701,13032
26145,SAGINAW,54381,42720,98062
26147,"ST. CLAIR",33983,39271,74181
26149,"ST. JOSEPH",10112,12978,23341
26151,SANILAC,7212,10963,18369
26153,SCHOOLCRAFT,1865,2142,4048
26155,SHIAWASSEE,17197,15962,33679
26157,TUSCOLA,11425,14240,26003
26159,"VAN BUREN",16290,16141,32837
26161,WASHTENAW,120890,56412,179592
26163,WAYNE,595846,213814,815825
26165,WEXFORD,6184,8450,14853
27001,Aitkin,4412,4533,9142
27003,Anoka,88614,93430,186465
27005,Becker,6829,9204,16382
27007,Beltrami,11818,9637,22051
27009,Benton,8173,10849,19619
27011,"Big Stone",1345,1385,2789
27013,"Blue Earth",18164,14916,34274
27015,Brown,5630,7938,13929
27017,Carlton,11389,6586,18436
27019,Carver,20745,31155,52899
27021,Cass,6858,8957,16141
27023,Chippewa,3083,2967,6201
27025,Chisago,12524,16227,29441
27027,Clay,15208,12920,28886
27029,Clearwater,1753,2359,4197
27031,Cook,1993,1221,3322
27033,Cottonwood,2433,3316,5862
27035,"Crow Wing",14760,19415,34920
27037,Dakota,116255,109516,230821
27039,Dodge,4487,5522,10327
27041,Douglas,8653,11884,20953
27043,Faribault,3407,4104,7713
27045,Fillmore,5713,4913,10892
27047,Freeborn,9326,6969,16706
27049,Goodhue,12212,12986,25801
27051,Grant,1647,1748,3487
27053,Hennepin,423982,240073,680065
27055,Houston,5281,4951,10446
27057,Hubbard,4676,6622,11520
27059,Isanti,8024,11675,20217
27061,Itasca,12852,10501,23919
27063,Jackson,2268,3044,5430
27065,Kanabec,3593,4328,8150
27067,Kandiyohi,9805,11240,21465
27069,Kittson,1241,1095,2420
27071,Koochiching,3451,2841,6458
27073,"Lac Qui Parle",1974,1938,3984
27075,Lake,4043,2610,6820
27077,"Lake Of The Woods",859,1306,2234
27079,"Le Sueur",6753,7715,14795
27081,Lincoln,1429,1595,3120
27083,Lyon,5465,6594,12388
27085,Mcleod,6968,11069,18553
27087,Mahnomen,1276,871,2182
27089,Marshall,1998,2569,4698
27091,Martin,4054,6657,10968
27093,Meeker,4969,6913,12214
27095,"Mille Lacs",5829,6951,13091
27097,Morrison,6153,10159,16714
27099,Mower,11129,6938,18539
27101,Murray,2160,2504,4767
27103,Nicollet,9652,8214,18357
27105,Nobles,3793,4581,8520
27107,Norman,1730,1384,3207
27109,Olmsted,39338,36832,78316
27111,"Otter Tail",12165,18860,31670
27113,Pennington,3024,3305,6517
27115,Pine,6750,6845,13965
27117,Pipestone,1725,2826,4646
27119,Polk,6773,7615,14693
27121,Pope,2981,3142,6246
27123,Ramsey,184938,86800,278822
27125,"Red Lake",928,978,1975
27127,Redwood,3008,4570,7790
27129,Renville,3394,4149,7710
27131,Rice,17054,14384,32267
27133,Rock,1946,2810,4846
27135,Roseau,2772,4409,7352
27137,"St. Louis",73378,39131,115594
27139,Scott,29712,40323,71647
27141,Sherburne,17597,27848,46509
27143,Sibley,2916,4693,7815
27145,Stearns,33551,43015,78477
27147,Steele,8706,9903,19124
27149,Stevens,2742,2766,5652
27151,Swift,2751,2248,5119
27153,Todd,4819,6719,11803
27155,Traverse,943,861,1847
27157,Wabasha,5415,6049,11763
27159,Wadena,2492,4143,6791
27161,Waseca,4370,5116,9747
27163,Washington,70203,69137,142133
27165,Watonwan,2494,2517,5144
27167,Wilkin,1258,1884,3222
27169,Winona,14980,11480,27232
27171,Wright,25741,40466,67816
27173,"Yellow Medicine",2465,2806,5414
28001,Adams,9061,6293,15447
28003,Alcorn,3511,11111,14830
28005,Amite,3242,4414,7706
28007,Attala,3927,5126,9092
28009,Benton,2051,2041,4116
28011,Bolivar,10582,4701,15428
28013,Calhoun,2586,4412,7068
28015,Carroll,2007,3960,5992
28017,Chickasaw,4378,3994,8503
28019,Choctaw,1428,2812,4273
28021,Claiborne,4838,625,5484
28023,Clarke,3111,5049,8253
28025,Clay,6712,4291,11072
28027,Coahoma,7792,2712,10549
28029,Copiah,7749,6282,14123
28031,Covington,3878,5405,9348
28033,Desoto,21575,43559,65794
28035,Forrest,13272,16574,30236
28037,Franklin,1726,2735,4493
28039,George,1359,8376,9856
28041,Greene,1325,4531,5922
28043,Grenada,5288,5986,11335
28045,Hancock,3917,12964,17167
28047,Harrison,23119,39470,63328
28049,Hinds,76112,29664,106491
28051,Holmes,7812,1435,9288
28053,Humphreys,3903,1293,5212
28055,Issaquena,479,302,787
28057,Itawamba,1706,7393,9318
28059,Jackson,17299,35747,53655
28061,Jasper,5097,4193,9340
28063,Jefferson,3951,468,4433
28065,"Jefferson Davis",4267,2507,6864
28067,Jones,9211,20687,30159
28069,Kemper,3239,1789,5052
28071,Lafayette,8091,11075,19505
28073,Lamar,5494,19101,24889
28075,Lauderdale,13814,18700,32777
28077,Lawrence,2468,4192,6698
28079,Leake,4079,4863,8983
28081,Lee,12563,22415,35306
28083,Leflore,9119,3587,12773
28085,Lincoln,5471,10839,16414
28087,Lowndes,13388,13518,27158
28089,Madison,20722,28507,49571
28091,Marion,4393,8237,12729
28093,Marshall,9650,6473,16240
28095,Monroe,7056,9723,16918
28097,Montgomery,2675,2947,5645
28099,Neshoba,3089,7837,11015
28101,Newton,3319,6394,9777
28103,Noxubee,4920,1325,6264
28105,Oktibbeha,9095,8761,18117
28107,Panola,9079,7629,16826
28109,"Pearl River",4366,17549,22224
28111,Perry,1527,4137,5722
28113,Pike,9650,8181,17974
28115,Pontotoc,2804,9448,12411
28117,Prentiss,2817,7075,10033
28119,Quitman,2837,1116,3979
28121,Rankin,14988,48444,64145
28123,Scott,5031,6089,11202
28125,Sharkey,1782,737,2532
28127,Simpson,4723,7424,12249
28129,Smith,1979,6049,8099
28131,Stone,2003,5420,7532
28133,Sunflower,8199,2929,11228
28135,Tallahatchie,3959,2499,6503
28137,Tate,4933,7332,12406
28139,Tippah,2317,6717,9164
28141,Tishomingo,1643,6133,7936
28143,Tunica,3475,883,4382
28145,Union,2742,8498,11365
28147,Walthall,3422,4051,7551
28149,Warren,10786,10457,21391
28151,Washington,13981,5651,19715
28153,Wayne,4148,6111,10332
28155,Webster,1190,3992,5234
28157,Wilkinson,3412,1415,4853
28159,Winston,4607,5168,9829
28161,Yalobusha,3030,3276,6354
28163,Yazoo,6603,4941,11620
29001,Adair,4219,5651,10126
29003,Andrew,2649,5457,8306
29005,Atchison,756,1902,2709
29007,Audrain,3539,6186,9952
29009,Barry,3667,9832,13806
29011,Barton,1230,4418,5746
29013,Bates,2557,5020,7771
29015,Benton,2925,6069,9157
29017,Bollinger,1213,4095,5456
29019,Boone,39847,37404,79422
29021,Buchanan,15594,18660,35106
29023,Butler,4363,12248,16889
29025,Caldwell,1312,2721,4167
29027,Callaway,6071,11745,18232
29029,Camden,6458,15092,21945
29031,"Cape Girardeau",9728,25370,35716
29033,Carroll,1154,3072,4304
29035,Carter,754,1978,2799
29037,Cass,17044,30912,48913
29039,Cedar,1537,4376,6045
29041,Chariton,1339,2402,3821
29043,Christian,9813,27473,37964
29045,Clark,1398,1730,3225
29047,Clay,47310,56191,105589
29049,Clinton,3688,5931,9861
29051,Cole,12005,24490,37062
29053,Cooper,2474,4887,7511
29055,Crawford,2951,6434,9579
29057,Dade,939,2895,3896
29059,Dallas,2122,4992,7279
29061,Daviess,1125,2290,3521
29063,"De Kalb",1194,3056,4350
29065,Dent,1585,4883,6643
29067,Douglas,1710,4649,6557
29069,Dunklin,3636,6850,10651
29071,Franklin,16347,29396,46755
29073,Gasconade,2099,4895,7134
29075,Gentry,937,1988,2999
29077,Greene,46219,76900,125848
29079,Grundy,1212,3030,4374
29081,Harrison,984,2624,3695
29083,Henry,3606,6229,10123
29085,Hickory,1733,2835,4680
29087,Holt,551,1725,2310
29089,Howard,1723,3017,4867
29091,Howell,4395,11544,16346
29093,Iron,1669,2252,4031
29095,Jackson,183953,122708,311577
29097,Jasper,12809,31349,45218
29099,Jefferson,41564,53978,97611
29101,Johnson,7667,12763,21021
29103,Knox,698,1205,1957
29105,Laclede,4093,10934,15362
29107,Lafayette,5655,9803,15795
29109,Lawrence,4017,11421,15755
29111,Lewis,1508,2677,4279
29113,Lincoln,7734,14332,22652
29115,Linn,2041,3344,5550
29117,Livingston,1906,4006,6054
29119,McDonald,1920,5694,7817
29121,Macon,2309,4701,7160
29123,Madison,1588,3227,4930
29125,Maries,1299,3165,4538
29127,Marion,4031,7923,12158
29129,Mercer,353,1255,1655
29131,Miller,2651,8099,11019
29133,Mississippi,1858,2997,4920
29135,Moniteau,1608,4704,6443
29137,Monroe,1398,2564,4057
29139,Montgomery,1740,3490,5327
29141,Morgan,2773,5733,8688
29143,"New Madrid",2814,4284,7250
29145,Newton,6425,18181,25083
29147,Nodaway,3172,5593,8976
29149,Oregon,1419,2886,4421
29151,Osage,1473,5329,6919
29153,Ozark,1261,3080,4453
29155,Pemiscot,2671,3598,6335
29157,Perry,2184,5669,7987
29159,Pettis,5904,10842,17175
29161,Phelps,5798,11895,18190
29163,Pike,2582,4577,7321
29165,Platte,19175,25618,45552
29167,Polk,3580,9252,13119
29169,Pulaski,4199,9092,13571
29171,Putnam,587,1673,2309
29173,Ralls,1736,3231,5036
29175,Randolph,3031,6667,9944
29177,Ray,4275,5815,10367
29179,Reynolds,1157,1931,3202
29181,Ripley,1396,3743,5263
29183,"St. Charles",71838,110784,185690
29185,"St. Clair",1460,3019,4626
29186,"Ste. Genevieve",3813,4055,8070
29187,"St. Francois",8829,13248,22582
29189,"St. Louis County",297097,224742,528676
29195,Saline,3790,5104,9108
29197,Schuyler,697,1174,1939
29199,Scotland,643,1246,1936
29201,Scott,5122,11623,16999
29203,Shannon,1302,2262,3692
29205,Shelby,966,2188,3232
29207,Stoddard,3153,9496,12866
29209,Stone,3923,11787,15984
29211,Sullivan,908,1610,2595
29213,Taney,5479,15746,21659
29215,Texas,2871,7618,10764
29217,Vernon,2580,5758,8521
29219,Warren,5219,9150,14676
29221,Washington,3417,5071,8695
29223,Wayne,1813,3790,5720
29225,Webster,4409,10708,15429
29227,Worth,341,664,1048
29229,Wright,1953,5830,7955
29510,"St. Louis City",118780,22943,143607
30001,Beaverhead,1371,3289,4812
30003,"Big Horn",2882,1667,4626
30005,Blaine,1616,1178,2859
30007,Broadwater,764,2152,3011
30009,Carbon,2146,3533,5846
30011,Carter,96,678,794
30013,Cascade,15232,18345,34564
30015,Chouteau,978,1758,2821
30017,Custer,1833,3373,5365
30019,Daniels,237,740,1007
30021,Dawson,1219,3029,4423
30023,"Deer Lodge",2860,1448,4460
30025,Fallon,237,1128,1405
30027,Fergus,1640,4257,6071
30029,Flathead,13892,28309,43476
30031,Gallatin,21961,24358,47882
30033,Garfield,66,622,700
30035,Glacier,2924,1415,4452
30037,"Golden Valley",110,351,479
30039,Granite,533,1107,1705
30041,Hill,3403,3164,6820
30043,Jefferson,2272,4055,6520
30045,"Judith Basin",337,854,1215
30047,Lake,5805,7135,13304
30049,"Lewis and Clark",15620,16803,33318
30051,Liberty,257,702,988
30053,Lincoln,2552,6057,8889
30055,McCone,223,745,993
30057,Madison,1289,3130,4530
30059,Meagher,269,670,972
30061,Mineral,700,1216,2017
30063,Missoula,32824,22652,57192
30065,Musselshell,492,1833,2407
30067,Park,3783,4709,8768
30069,Petroleum,49,240,298
30071,Phillips,471,1688,2228
30073,Pondera,975,1673,2719
30075,"Powder River",170,833,1027
30077,Powell,888,1806,2776
30079,Prairie,167,520,703
30081,Ravalli,7285,14307,22206
30083,Richland,1002,3510,4645
30085,Roosevelt,2086,1514,3672
30087,Rosebud,1422,2004,3523
30089,Sanders,1720,3980,5901
30091,Sheridan,665,1207,1928
30093,"Silver Bow",10857,5430,16756
30095,Stillwater,1248,3337,4702
30097,"Sweet Grass",475,1594,2117
30099,Teton,1082,2113,3281
30101,Toole,582,1440,2102
30103,Treasure,114,319,455
30105,Valley,1385,2337,3859
30107,Wheatland,272,693,992
30109,Wibaux,98,421,544
30111,Yellowstone,26403,40500,68807
31001,Adams,4062,8316,12670
31003,Antelope,571,2596,3232
31005,Arthur,30,227,262
31007,Banner,55,346,411
31009,Blaine,29,268,303
31011,Boone,615,2138,2806
31013,"Box Butte",1692,2869,4705
31015,Boyd,188,873,1071
31017,Brown,224,1302,1555
31019,Buffalo,5365,13570,19453
31021,Burt,1291,2029,3375
31023,Butler,1045,2738,3859
31025,Cass,4367,7556,12180
31027,Cedar,958,3278,4334
31029,Chase,254,1584,1867
31031,Cherry,436,2557,3064
31033,Cheyenne,1084,3449,4649
31035,Clay,667,2232,2947
31037,Colfax,969,2051,3069
31039,Cuming,1031,2876,3976
31041,Custer,1083,4296,5498
31043,Dakota,2922,3094,6136
31045,Dawes,1132,2478,3728
31047,Dawson,2199,5460,7859
31049,Deuel,215,763,1017
31051,Dixon,870,1745,2686
31053,Dodge,5673,8995,14950
31055,Douglas,106456,113220,223927
31057,Dundy,176,792,985
31059,Fillmore,807,2007,2879
31061,Franklin,384,1112,1536
31063,Frontier,271,1007,1305
31065,Furnas,423,1782,2240
31067,Gage,3903,5513,9661
31069,Garden,242,829,1091
31071,Garfield,149,769,940
31073,Gosper,230,734,978
31075,Grant,30,322,363
31077,Greeley,340,820,1185
31079,Hall,7161,12646,20229
31081,Hamilton,1146,3600,4871
31083,Harlan,354,1395,1778
31085,Hayes,51,476,539
31087,Hitchcock,274,1178,1495
31089,Holt,882,3922,4939
31091,Hooker,59,330,395
31093,Howard,914,1890,2870
31095,Jefferson,1195,2166,3446
31097,Johnson,790,1225,2063
31099,Kearney,773,2349,3180
31101,Keith,928,3044,4058
31103,"Keya Paha",80,393,484
31105,Kimball,395,1235,1687
31107,Knox,1059,2885,4036
31109,Lancaster,62015,62434,127355
31111,Lincoln,4450,10728,15655
31113,Logan,68,356,431
31115,Loup,62,290,358
31117,McPherson,41,237,291
31119,Madison,3485,10062,13885
31121,Merrick,925,2490,3489
31123,Morrill,455,1681,2190
31125,Nance,481,1106,1621
31127,Nemaha,1128,2012,3214
31129,Nuckolls,568,1574,2191
31131,Otoe,2561,4258,6982
31133,Pawnee,400,899,1341
31135,Perkins,238,1135,1394
31137,Phelps,880,3400,4380
31139,Pierce,637,2707,3431
31141,Platte,3148,10061,13473
31143,Polk,528,1890,2457
31145,"Red Willow",952,3891,4936
31147,Richardson,1191,2443,3739
31149,Rock,103,672,789
31151,Saline,2289,2557,4958
31153,Sarpy,26671,43213,71490
31155,Saunders,3307,6770,10312
31157,"Scotts Bluff",4327,9648,14287
31159,Seward,2386,5003,7573
31161,Sheridan,390,2021,2472
31163,Sherman,552,927,1530
31165,Sioux,101,624,739
31167,Stanton,614,1949,2644
31169,Thayer,728,1874,2659
31171,Thomas,42,360,408
31173,Thurston,1247,939,2215
31175,Valley,498,1657,2195
31177,Washington,3132,6899,10246
31179,Wayne,1074,2493,3682
31181,Webster,442,1258,1742
31183,Wheeler,93,345,448
31185,York,1373,4874,6355
32001,Churchill,2961,7061,10265
32003,Clark,389936,289053,691190
32005,Douglas,9297,16276,26075
32007,Elko,3511,12014,15986
32009,Esmeralda,92,317,435
32011,Eureka,107,663,808
32013,Humboldt,1737,3810,5744
32015,Lander,534,1580,2165
32017,Lincoln,400,1691,2152
32019,Lyon,7380,13520,21465
32021,Mineral,863,1080,2035
32023,Nye,6320,10566,17522
32027,Pershing,632,1167,1884
32029,Storey,920,1321,2314
32031,Washoe,95409,88453,187855
32033,"White Pine",983,2601,3704
32510,"Carson City",10291,12394,23319
33001,Belknap,15890,17571,33887
33003,Carroll,13977,14207,28602
33005,Cheshire,25380,15156,41360
33007,Coos,9095,6342,15699
33009,Grafton,29826,18208,49014
33011,Hillsborough,102303,99991,205667
33013,Merrimack,44756,34524,80514
33015,Rockingham,80142,87921,170423
33017,Strafford,36026,26729,63969
33019,Sullivan,12166,9269,21837
34001,ATLANTIC,65600,46522,113179
34003,BERGEN,212754,169070,385407
34005,BURLINGTON,126377,87401,215936
34007,CAMDEN,153682,69476,225428
34009,"CAPE MAY",21657,25781,47931
34011,CUMBERLAND,34055,20658,55292
34013,ESSEX,236618,64406,303019
34015,GLOUCESTER,74013,59456,135186
34017,HUDSON,153108,42369,197504
34019,HUNTERDON,26876,38687,66494
34021,MERCER,104377,47355,153511
34023,MIDDLESEX,190555,107310,301315
34025,MONMOUTH,133145,147513,283978
34027,MORRIS,100146,124947,227392
34029,OCEAN,102300,146474,251275
34031,PASSAIC,115926,64523,181988
34033,SALEM,14719,14334,29501
34035,SOMERSET,74592,66603,142922
34037,SUSSEX,26104,40625,67933
34039,UNION,139752,68314,209831
34041,WARREN,18745,25744,45270
35001,BERNALILLO,150739,106408,270969
35003,CATRON,560,1494,2123
35005,CHAVES,6604,13088,20292
35006,CIBOLA,4961,2998,8243
35007,COLFAX,2828,2699,5764
35009,CURRY,4022,9251,13625
35011,"DE BACA",287,586,902
35013,"DONA ANA",37139,27322,66423
35015,EDDY,6142,12583,19269
35017,GRANT,7090,5358,12902
35019,GUADALUPE,1488,557,2135
35021,HARDING,260,327,601
35023,HIDALGO,995,899,1935
35025,LEA,4080,12548,17015
35027,LINCOLN,2942,5961,9242
35028,"LOS ALAMOS",5191,4796,10654
35029,LUNA,3583,3670,7500
35031,MCKINLEY,15841,5546,21929
35033,MORA,1955,595,2611
35035,OTERO,6829,12451,20012
35037,QUAY,1383,2202,3707
35039,"RIO ARRIBA",11465,3397,15343
35041,ROOSEVELT,1727,4043,5969
35043,SANDOVAL,27236,24387,54079
35045,"SAN JUAN",15855,28849,46237
35047,"SAN MIGUEL",8850,2303,11509
35049,"SANTA FE",50872,15500,69245
35051,SIERRA,1964,2928,5102
35053,SOCORRO,4058,2722,7193
35055,TAOS,11978,2730,15339
35057,TORRANCE,2428,3529,6402
35059,UNION,472,1236,1759
35061,VALENCIA,13511,12825,27728
36001,Albany,87556,45064,135767
36003,Allegany,6139,10390,16953
36005,Bronx,339211,29967,370938
36007,Broome,41970,37641,81565
36009,Cattaraugus,12649,16569,30459
36011,Cayuga,17007,13454,31169
36013,Chautauqua,23812,27971,52852
36015,Chemung,16797,17612,35010
36017,Chenango,9116,9713,19314
36019,Clinton,18961,11115,30656
36021,Columbia,16221,12225,29129
36023,Cortland,10482,8695,19624
36025,Delaware,8304,9938,18638
36027,Dutchess,65312,56025,123705
36029,Erie,237356,169675,414195
36031,Essex,9784,6647,16717
36033,Franklin,9894,5740,15934
36035,Fulton,8607,10814,19799
36037,Genesee,9601,14607,24746
36039,Greene,9030,11174,20668
36041,Hamilton,1128,1932,3113
36043,Herkimer,11273,13282,25040
36045,Jefferson,17099,18122,35708
36047,Kings,604443,124551,736982
36049,Lewis,4724,5651,10522
36051,Livingston,11705,14448,26770
36053,Madison,13871,13622,28094
36055,Monroe,193501,133362,333813
36057,Montgomery,8493,9334,18186
36059,Nassau,302695,259308,568151
36061,"New York",502674,89559,600291
36063,Niagara,43986,43240,89013
36065,Oneida,40468,44530,86700
36067,Onondaga,122254,78831,204717
36069,Ontario,23087,23820,47853
36071,Orange,73315,65367,140628
36073,Orleans,5787,8594,14706
36075,Oswego,23515,19980,44591
36077,Otsego,12117,11461,24139
36079,Putnam,19512,24083,44345
36081,Queens,470732,118589,595245
36083,Rensselaer,37408,29113,67990
36085,Richmond,78181,74223,154180
36087,Rockland,65657,57363,124442
36089,"St. Lawrence",21353,15138,37191
36091,Saratoga,52957,50382,105510
36093,Schenectady,36844,26568,64933
36095,Schoharie,5427,7467,13207
36097,Schuyler,3674,4281,8146
36099,Seneca,7094,5889,13266
36101,Steuben,15787,21954,38531
36103,Suffolk,304079,282131,594266
36105,Sullivan,15268,12705,28415
36107,Tioga,8930,12117,21589
36109,Tompkins,27244,11107,39670
36111,Ulster,47752,29759,79626
36113,Warren,14806,14119,29578
36115,Washington,11523,11085,23095
36117,Wayne,16635,20060,37547
36119,Westchester,240785,143122,388447
36121,Wyoming,5661,10348,16335
36123,Yates,4488,4798,9442
37001,Alamance,28875,38170,67776
37003,Alexander,4611,12253,17196
37005,Alleghany,1583,3390,5067
37007,Anson,7019,4166,11256
37009,Ashe,4116,8242,12610
37011,Avery,1882,5766,7759
37013,Beaufort,9435,13977,23620
37015,Bertie,6695,3387,10123
37017,Bladen,8062,7748,15957
37019,Brunswick,22038,34743,57362
37021,Buncombe,70625,54701,127696
37023,Burke,13701,22267,36544
37025,Cabarrus,32849,49557,83566
37027,Caldwell,10898,23229,34732
37029,Camden,1508,3109,4704
37031,Carteret,10301,24775,35517
37033,Caswell,5348,5594,11039
37035,Catawba,24069,44538,69601
37037,Chatham,18361,16665,35434
37039,Cherokee,3378,9278,12867
37041,Chowan,3556,3891,7505
37043,Clay,1579,3973,5642
37045,Cleveland,17062,25793,43340
37047,Columbus,11050,12941,24243
37049,Craven,18763,26928,46170
37051,Cumberland,75792,50666,127641
37053,Currituck,3562,7496,11304
37055,Dare,7393,10248,17974
37057,Davidson,20624,49383,70935
37059,Davie,5735,14687,20670
37061,Duplin,9033,11416,20592
37063,Durham,111224,33769,146735
37065,Edgecombe,18310,8546,26972
37067,Forsyth,92323,79768,174069
37069,Franklin,13436,14603,28389
37071,Gaston,33171,56138,90483
37073,Gates,2786,2564,5396
37075,Graham,1119,2750,3947
37077,Granville,13598,12405,26275
37079,Greene,3778,4411,8236
37081,Guilford,146365,104789,253852
37083,Halifax,17176,8763,26079
37085,Harnett,17331,25565,43415
37087,Haywood,11833,15633,27974
37089,Henderson,18642,32994,52392
37091,Hertford,7843,3007,10918
37093,Hoke,10076,6819,17089
37095,Hyde,1163,1193,2383
37097,Iredell,26076,49299,76365
37099,Jackson,8095,8254,16701
37101,Johnston,27290,48427,76691
37103,Jones,2352,2837,5230
37105,Lee,10801,13158,24239
37107,Lenoir,13948,13980,28086
37109,Lincoln,11024,25267,36775
37111,McDowell,6031,11775,18099
37113,Macon,5712,10835,16861
37115,Madison,4484,5404,10113
37117,Martin,6583,5995,12652
37119,Mecklenburg,272262,171668,448900
37121,Mitchell,1838,5806,7765
37123,Montgomery,4706,6404,11231
37125,Moore,16505,29495,46415
37127,Nash,24313,23842,48492
37129,"New Hanover",48668,53385,103628
37131,Northampton,7232,3483,10756
37133,Onslow,18490,32243,51435
37135,Orange,53901,21539,76757
37137,Pamlico,2647,4051,6762
37139,Pasquotank,10282,7633,18107
37141,Pender,9632,14617,24527
37143,Perquimans,2759,3822,6652
37145,Person,8418,10496,19106
37147,Pitt,41843,36214,78856
37149,Polk,4013,6236,10389
37151,Randolph,14773,45160,60715
37153,Richmond,9904,9332,19417
37155,Robeson,24988,17510,42946
37157,Rockingham,16351,25227,42020
37159,Rowan,22650,38775,62312
37161,Rutherford,9374,18954,28702
37163,Sampson,11566,14422,26174
37165,Scotland,8215,5831,14156
37167,Stanly,8431,19904,28717
37169,Stokes,6018,15237,21619
37171,Surry,9112,19923,29470
37173,Swain,2618,2976,5728
37175,Transylvania,6826,9634,16763
37177,Tyrrell,837,930,1783
37179,Union,32473,61107,94728
37181,Vance,13323,7429,20854
37183,Wake,267262,211596,486427
37185,Warren,6978,3140,10162
37187,Washington,3833,2622,6499
37189,Watauga,13002,13861,27674
37191,Wayne,23314,27641,51352
37193,Wilkes,8148,20515,29145
37195,Wilson,20875,17954,39109
37197,Yadkin,3957,12578,16813
37199,Yancey,3981,5278,9451
38001,Adams,328,918,1286
38003,Barnes,2394,2964,5522
38005,Benson,1235,868,2157
38007,Billings,89,472,578
38009,Bottineau,1183,2280,3555
38011,Bowman,414,1280,1737
38013,Burke,230,769,1023
38015,Burleigh,14122,27951,43387
38017,Cass,34712,36855,73855
38019,Cavalier,818,1195,2069
38021,Dickey,853,1610,2535
38023,Divide,385,733,1162
38025,Dunn,508,1506,2034
38027,Eddy,486,634,1157
38029,Emmons,383,1435,1884
38031,Foster,607,1030,1682
38033,"Golden Valley",162,742,928
38035,"Grand Forks",14032,15060,30029
38037,Grant,334,1025,1413
38039,Griggs,536,771,1343
38041,Hettinger,313,1000,1362
38043,Kidder,393,870,1328
38045,LaMoure,740,1377,2194
38047,Logan,232,810,1073
38049,McHenry,943,1678,2712
38051,McIntosh,459,1035,1530
38053,McKenzie,927,2458,3451
38055,McLean,1670,3141,4938
38057,Mercer,1166,3152,4455
38059,Morton,4469,8680,13613
38061,Mountrail,1403,1962,3457
38063,Nelson,767,865,1678
38065,Oliver,281,693,1013
38067,Pembina,1253,1899,3255
38069,Pierce,660,1465,2178
38071,Ramsey,2164,2665,4999
38073,Ransom,1343,1009,2425
38075,Renville,398,851,1278
38077,Richland,3198,4229,7613
38079,Rolette,3353,1092,4552
38081,Sargent,1075,879,2007
38083,Sheridan,163,642,822
38085,Sioux,900,225,1144
38087,Slope,83,341,437
38089,Stark,2812,8521,11633
38091,Steele,518,498,1042
38093,Stutsman,3585,5685,9558
38095,Towner,516,623,1182
38097,Traill,1811,1996,3921
38099,Walsh,1985,2656,4791
38101,Ward,8441,16230,25463
38103,Wells,673,1654,2379
38105,Williams,2322,7184,9808
39001,Adams,3976,6865,11089
39003,Allen,17914,29502,48236
39005,Ashland,8281,15519,24330
39007,Ashtabula,23803,18298,43064
39009,Athens,18307,8543,27638
39011,Auglaize,5831,17169,23405
39013,Belmont,14156,16758,31564
39015,Brown,7107,11916,19392
39017,Butler,62388,105176,170191
39019,Carroll,5543,7315,13262
39021,Champaign,7044,11045,18421
39023,Clark,31298,31816,64144
39025,Clermont,30458,64208,96271
39027,Clinton,5791,12009,18143
39029,Columbiana,19821,25251,46051
39031,Coshocton,6940,8390,15739
39033,Crawford,7507,11852,19803
39035,Cuyahoga,447273,190660,644331
39037,Darke,6826,18108,25401
39039,Defiance,7732,10176,18288
39041,Delaware,37292,60194,98759
39043,Erie,21793,16952,39405
39045,Fairfield,29890,41034,72068
39047,Fayette,4249,6620,11020
39049,Franklin,346373,215997,571028
39051,Fulton,9073,11738,21268
39053,Gallia,4557,7750,12595
39055,Geauga,19659,30589,50997
39057,Greene,32256,49819,83489
39059,Guernsey,7450,8993,16814
39061,Hamilton,219927,193326,418894
39063,Hancock,12564,22443,35694
39065,Hardin,4619,7489,12449
39067,Harrison,2950,4019,7141
39069,Henry,5658,8257,14236
39071,Highland,6054,11413,17847
39073,Hocking,6157,6285,12728
39075,Holmes,2608,8702,11536
39077,Huron,11006,13060,24663
39079,Jackson,5166,7904,13381
39081,Jefferson,15385,17034,33069
39083,Knox,10470,17266,28345
39085,Lake,57680,58744,118403
39087,Lawrence,10744,14651,25833
39089,Licking,34201,45503,81387
39091,Logan,7062,13633,21137
39093,Lorain,81464,59405,143252
39095,Lucas,136616,69940,210218
39097,Madison,6845,10342,17517
39099,Mahoning,77059,42641,121308
39101,Marion,12504,14265,27352
39103,Medina,38785,50418,90783
39105,Meigs,4027,5895,10218
39107,Mercer,4745,16561,21661
39109,Miami,16383,34606,51936
39111,Monroe,3035,3548,6779
39113,Montgomery,137139,124841,266278
39115,Morgan,2814,3179,6129
39117,Morrow,5933,9865,16184
39119,Muskingum,17002,19264,37086
39121,Noble,2131,3563,5872
39123,Ottawa,11503,10538,22455
39125,Paulding,3538,5354,9128
39127,Perry,7033,7627,14983
39129,Pickaway,9684,14037,24123
39131,Pike,5684,5685,11581
39133,Portage,39453,35242,76239
39135,Preble,6211,13535,20167
39137,Putnam,4318,13721,18371
39139,Richland,22687,33867,57715
39141,Ross,14569,15008,30083
39143,Sandusky,14541,13755,28994
39145,Scioto,15077,15492,31161
39147,Seneca,11353,13243,25262
39149,Shelby,6343,17142,23866
39151,Stark,89432,88581,181477
39153,Summit,153041,111001,267709
39155,Trumbull,61672,38279,101718
39157,Tuscarawas,18407,22242,41613
39159,Union,8805,16289,25567
39161,"Van Wert",4029,9585,13843
39163,Vinton,2436,2856,5467
39165,Warren,32909,76564,111007
39167,Washington,11651,17284,29499
39169,Wayne,19808,30251,51064
39171,Williams,7266,10047,17706
39173,Wood,32802,29704,63948
39175,Wyandot,4137,6180,10572
40001,ADAIR,2127,4381,6508
40003,ALFALFA,322,1761,2083
40005,ATOKA,1243,3538,4781
40007,BEAVER,244,2062,2306
40009,BECKHAM,1417,5508,6925
40011,BLAINE,992,2824,3816
40013,BRYAN,3681,9520,13201
40015,CADDO,3164,5687,8851
40017,CANADIAN,10537,35625,46162
40019,CARTER,4908,12214,17122
40021,CHEROKEE,6144,8162,14306
40023,CHOCTAW,1494,3572,5066
40025,CIMARRON,115,1082,1197
40027,CLEVELAND,34771,59116,93887
40029,COAL,649,1710,2359
40031,COMANCHE,12521,17664,30185
40033,COTTON,657,1796,2453
40035,CRAIG,1747,3559,5306
40037,CREEK,7128,18986,26114
40039,CUSTER,2359,7446,9805
40041,DELAWARE,4196,10080,14276
40043,DEWEY,301,1792,2093
40045,ELLIS,226,1575,1801
40047,GARFIELD,4733,15177,19910
40049,GARVIN,2559,6925,9484
40051,GRADY,4786,14833,19619
40053,GRANT,393,1675,2068
40055,GREER,488,1344,1832
40057,HARMON,264,659,923
40059,HARPER,173,1261,1434
40061,HASKELL,1175,3069,4244
40063,HUGHES,1370,2838,4208
40065,JACKSON,1954,5965,7919
40067,JEFFERSON,605,1634,2239
40069,JOHNSTON,1137,2649,3786
40071,KAY,4627,11499,16126
40073,KINGFISHER,898,4870,5768
40075,KIOWA,1106,2316,3422
40077,LATIMER,1170,2628,3798
40079,"LE FLORE",4662,11177,15839
40081,LINCOLN,3273,9553,12826
40083,LOGAN,4724,12314,17038
40085,LOVE,1034,2436,3470
40087,McCLAIN,3194,11112,14306
40089,McCURTAIN,2440,7635,10075
40091,McINTOSH,2779,4509,7288
40093,MAJOR,446,2700,3146
40095,MARSHALL,1396,3744,5140
40097,MAYES,4823,9637,14460
40099,MURRAY,1540,3606,5146
40101,MUSKOGEE,9952,13404,23356
40103,NOBLE,1143,3488,4631
40105,NOWATA,1244,2832,4076
40107,OKFUSKEE,1256,2335,3591
40109,OKLAHOMA,106982,149728,256710
40111,OKMULGEE,5432,7731,13163
40113,OSAGE,6704,11242,17946
40115,OTTAWA,3509,6466,9975
40117,PAWNEE,1813,4232,6045
40119,PAYNE,9198,16481,25679
40121,PITTSBURG,4831,10841,15672
40123,PONTOTOC,3947,8945,12892
40125,POTTAWATOMIE,7188,16250,23438
40127,PUSHMATAHA,1043,3087,4130
40129,"ROGER MILLS",272,1402,1674
40131,ROGERS,9148,27553,36701
40133,SEMINOLE,2600,4856,7456
40135,SEQUOYAH,4193,9578,13771
40137,STEPHENS,3939,12908,16847
40139,TEXAS,862,4930,5792
40141,TILLMAN,906,1815,2721
40143,TULSA,82744,145062,227806
40145,WAGONER,7791,20900,28691
40147,WASHINGTON,5532,15668,21200
40149,WASHITA,822,3494,4316
40151,WOODS,671,2727,3398
40153,WOODWARD,1133,5945,7078
41001,Baker,2369,5702,8448
41003,Benton,27776,14991,44802
41005,Clackamas,95493,88592,189332
41007,Clatsop,9861,7249,17818
41009,Columbia,12004,10772,23875
41011,Coos,12845,14673,28686
41013,Crook,3104,6790,10230
41015,Curry,4625,6598,11678
41017,Deschutes,36961,42463,81900
41019,Douglas,17145,30776,49803
41021,Gilliam,371,639,1061
41023,Grant,853,2926,3911
41025,Harney,832,2607,3583
41027,"Hood River",6058,3429,9838
41029,Jackson,44468,49020,97127
41031,Jefferson,3301,4642,8175
41033,Josephine,14953,23673,40238
41035,Klamath,8302,18898,28152
41037,Lake,770,2808,3710
41039,Lane,102652,62509,171850
41041,Lincoln,13401,8686,22984
41043,Linn,20378,28944,51426
41045,Malheur,2759,6851,9956
41047,Marion,56376,60190,120376
41049,Morrow,1202,2532,3882
41051,Multnomah,274887,75302,364722
41053,Polk,16292,17819,35257
41055,Sherman,319,678,1026
41057,Tillamook,6293,5684,12519
41059,Umatilla,8584,15499,24969
41061,Union,3973,7636,12070
41063,Wallowa,1253,2804,4205
41065,Wasco,5211,5229,10873
41067,Washington,135291,93974,237023
41069,Wheeler,266,545,858
41071,Yamhill,19260,22045,42907
42001,Adams,15091,26767,42457
42003,Allegheny,352687,262039,622081
42005,Armstrong,9045,20142,29602
42007,Beaver,37055,42344,80474
42009,Bedford,4788,16702,21697
42011,Berks,83011,84702,170320
42013,Blair,16276,33319,50241
42015,Bradford,8624,14410,23426
42017,Bucks,160521,156579,321016
42019,Butler,28550,59761,89445
42021,Cambria,24249,35163,60526
42023,Cameron,724,1359,2111
42025,Carbon,11580,13504,25581
42027,Centre,34176,34001,69626
42029,Chester,124311,124840,251973
42031,Clarion,5056,10828,16186
42033,Clearfield,11121,20347,31967
42035,Clinton,5734,7303,13265
42037,Columbia,10937,14236,25623
42039,Crawford,13883,20901,35388
42041,Cumberland,44367,64809,110814
42043,Dauphin,64965,57450,124008
42045,Delaware,171792,110853,285564
42047,Elk,5463,7579,13238
42049,Erie,68036,49025,118619
42051,Fayette,21971,26018,48505
42053,Forest,896,1383,2312
42055,Franklin,18995,43260,63078
42057,Fulton,1310,4814,6195
42059,Greene,5852,8428,14464
42061,Huntingdon,5409,11979,17639
42063,Indiana,14473,21257,36321
42065,Jefferson,4787,13048,18097
42067,Juniata,2547,6862,9535
42069,Lackawanna,61838,35085,98015
42071,Lancaster,88481,130669,222436
42073,Lawrence,17513,21047,39036
42075,Lebanon,19900,35872,56580
42077,Lehigh,78283,66874,147002
42079,Luzerne,64307,58325,124439
42081,Lycoming,15203,30658,46493
42083,McKean,5297,9545,15108
42085,Mercer,24232,25925,50863
42087,Mifflin,4273,11939,16371
42089,Monroe,35221,26867,62917
42091,Montgomery,233356,174381,412200
42093,Montour,3053,4652,7831
42095,Northampton,67606,61446,130735
42097,Northumberland,13072,19518,33212
42099,Perry,5685,13120,19128
42101,Philadelphia,588806,96467,690327
42103,Pike,10210,12786,23279
42105,Potter,1897,5231,7242
42107,Schuylkill,24546,32278,57727
42109,Snyder,4687,10073,15002
42111,Somerset,9436,23984,33942
42113,Sullivan,1034,1868,2949
42115,Susquehanna,6935,10800,18044
42117,Tioga,5357,11342,17004
42119,Union,6109,9896,16268
42121,Venango,7945,13815,22167
42123,Warren,6995,10010,17299
42125,Washington,40345,53230,94750
42127,Wayne,8396,12896,21607
42129,Westmoreland,63722,103932,169572
42131,Wyoming,5061,6587,11872
42133,York,73191,113304,189229
44001,Bristol,14974,9231,24676
44003,Kent,45564,31567,78923
44005,Newport,23463,15202,39452
44007,Providence,159520,75785,239786
44009,Washington,35888,25366,62879
45001,Abbeville,4543,5981,10671
45003,Aiken,25322,44042,70363
45005,Allendale,3297,838,4163
45007,Anderson,22405,48709,72212
45009,Bamberg,4624,2194,6882
45011,Barnwell,5188,4659,9923
45013,Beaufort,29848,42687,73297
45015,Berkeley,28542,38475,68195
45017,Calhoun,4045,3707,7834
45019,Charleston,81487,77629,161707
45021,Cherokee,7231,13314,20773
45023,Chester,7891,6367,14407
45025,Chesterfield,7958,8490,16594
45027,Clarendon,9091,7071,16292
45029,Colleton,8475,8443,17086
45031,Darlington,15457,14434,30150
45033,Dillon,7523,5427,13035
45035,Dorchester,23445,32531,56855
45037,Edgefield,4967,6512,11586
45039,Fairfield,7777,3999,11895
45041,Florence,28614,28961,58122
45043,Georgetown,14163,16526,30965
45045,Greenville,68070,121685,193189
45047,Greenwood,11972,16348,28672
45049,Hampton,5834,3312,9206
45051,Horry,38885,72127,112393
45053,Jasper,5757,4169,10021
45055,Kershaw,11259,16324,27946
45057,Lancaster,13419,19333,33144
45059,Laurens,10318,14746,25416
45061,Lee,5977,2832,8907
45063,Lexington,34148,76662,112623
45065,McCormick,2653,2467,5160
45067,Marion,9688,5164,14986
45069,Marlboro,6100,3676,9853
45071,Newberry,6913,9260,16351
45073,Oconee,8550,21611,30666
45075,Orangeburg,30720,12022,43041
45077,Pickens,11156,33474,45549
45079,Richland,103989,53105,159154
45081,Saluda,3328,5135,8564
45083,Spartanburg,41461,66969,109906
45085,Sumter,27589,19274,47309
45087,Union,5796,6584,12541
45089,Williamsburg,11335,4824,16304
45091,York,39131,59546,100210
46003,Aurora,556,804,1400
46005,Beadle,2881,4230,7263
46007,Bennett,548,626,1203
46009,"Bon Homme",1167,1830,3074
46011,Brookings,5827,6220,12400
46013,Brown,7250,8321,16068
46015,Brule,824,1499,2379
46017,Buffalo,472,166,641
46019,Butte,1002,3073,4208
46021,Campbell,153,616,787
46023,"Charles Mix",1483,2230,3764
46025,Clark,713,1067,1821
46027,Clay,2955,2147,5234
46029,Codington,4588,6696,11524
46031,Corson,648,515,1200
46033,Custer,1335,3062,4520
46035,Davison,3042,4757,7971
46037,Day,1497,1320,2873
46039,Deuel,941,1175,2171
46041,Dewey,1207,663,1895
46043,Douglas,332,1334,1690
46045,Edmunds,622,1264,1936
46047,"Fall River",1140,2258,3516
46049,Faulk,331,765,1127
46051,Grant,1493,2034,3606
46053,Gregory,599,1507,2151
46055,Haakon,138,940,1092
46057,Hamlin,921,1803,2793
46059,Hand,575,1242,1848
46061,Hanson,760,1627,2416
46063,Harding,82,638,739
46065,Hughes,2786,5219,8155
46067,Hutchinson,923,2451,3425
46069,Hyde,189,531,733
46071,Jackson,426,661,1106
46073,Jerauld,452,538,1006
46075,Jones,108,490,609
46077,Kingsbury,1092,1451,2608
46079,Lake,2724,3419,6285
46081,Lawrence,3973,7025,11359
46083,Lincoln,7982,13611,21952
46085,Lyman,605,933,1569
46087,McCook,905,1655,2613
46089,McPherson,272,921,1215
46091,Marshall,1061,889,1987
46093,Meade,2928,7566,10817
46095,Mellette,375,381,769
46097,Miner,479,636,1140
46099,Minnehaha,34674,40342,76583
46101,Moody,1429,1535,3033
46103,Pennington,15125,28232,44464
46105,Perkins,319,1205,1590
46107,Potter,339,1029,1381
46109,Roberts,2302,1883,4256
46111,Sanborn,389,688,1115
46113,Shannon,2937,188,3145
46115,Spink,1300,1670,3041
46117,Stanley,435,1063,1540
46119,Sully,186,613,818
46121,Todd,1976,498,2497
46123,Tripp,737,1905,2691
46125,Turner,1411,2715,4210
46127,Union,2782,4698,7596
46129,Walworth,671,1731,2462
46135,Yankton,4226,5495,9974
46137,Ziebach,439,314,761
47001,ANDERSON,10122,18968,29659
47003,BEDFORD,4211,10034,14445
47005,BENTON,2258,3850,6226
47007,BLEDSOE,1267,3022,4359
47009,BLOUNT,12934,35441,49234
47011,BRADLEY,8037,27422,35963
47013,CAMPBELL,3328,8604,12101
47015,CANNON,1564,3309,4973
47017,CARROLL,3475,7225,10851
47019,CARTER,4789,15503,20617
47021,CHEATHAM,4659,10268,15182
47023,CHESTER,1624,4684,6410
47025,CLAIBORNE,2433,7617,10178
47027,CLAY,1037,1747,2820
47029,COCKE,2804,8459,11454
47031,COFFEE,5870,13023,19259
47033,CROCKETT,1669,3783,5498
47035,CUMBERLAND,6261,18653,25247
47037,DAVIDSON,143120,97622,244873
47039,DECATUR,1303,2874,4251
47041,DEKALB,2174,4143,6422
47043,DICKSON,6233,11296,17835
47045,DYER,3757,9921,13800
47047,FAYETTE,6688,12689,19574
47049,FENTRESS,1561,5243,6895
47051,FRANKLIN,5603,10262,16119
47053,GIBSON,6564,12883,19667
47055,GILES,3760,6915,10799
47057,GRAINGER,1668,5470,7252
47059,GREENE,6225,17245,23887
47061,GRUNDY,1643,2516,4237
47063,HAMBLEN,5234,14522,20032
47065,HAMILTON,58836,79933,141181
47067,HANCOCK,475,1527,2046
47069,HARDEMAN,5482,4865,10439
47071,HARDIN,2467,7886,10495
47073,HAWKINS,5088,14382,19797
47075,HAYWOOD,4569,2960,7569
47077,HENDERSON,2517,7421,10055
47079,HENRY,4339,8193,12739
47081,HICKMAN,2698,4758,7602
47083,HOUSTON,1400,1579,3027
47085,HUMPHREYS,2905,3833,6863
47087,JACKSON,1739,2383,4184
47089,JEFFERSON,4232,13038,17559
47091,JOHNSON,1483,4611,6194
47093,KNOX,59399,109707,172507
47095,LAKE,884,1163,2087
47097,LAUDERDALE,4011,4616,8689
47099,LAWRENCE,4237,10770,15219
47101,LEWIS,1447,3117,4694
47103,LINCOLN,3290,9803,13268
47105,LOUDON,5058,16707,22073
47107,MCMINN,4609,12967,17834
47109,MCNAIRY,2645,7015,9802
47111,MACON,1552,5260,6905
47113,MADISON,18367,21993,40702
47115,MARION,3953,6272,10409
47117,MARSHALL,3725,6832,10741
47119,MAURY,11825,20708,33006
47121,MEIGS,1163,2734,3964
47123,MONROE,4372,11731,16338
47125,MONTGOMERY,24499,30245,55584
47127,MOORE,705,2053,2799
47129,MORGAN,1725,4669,6504
47131,OBION,3321,8814,12297
47133,OVERTON,2805,4775,7664
47135,PERRY,992,1578,2621
47137,PICKETT,712,1712,2453
47139,POLK,1856,4108,6059
47141,PUTNAM,7802,17254,25500
47143,RHEA,2628,7802,10590
47145,ROANE,6018,14724,21090
47147,ROBERTSON,8290,17643,26289
47149,RUTHERFORD,36414,60846,98848
47151,SCOTT,1452,5117,6668
47153,SEQUATCHIE,1489,3541,5142
47155,SEVIER,7418,25984,33864
47157,SHELBY,232443,135649,371109
47159,SMITH,2470,4495,7087
47161,STEWART,2069,2963,5115
47163,SULLIVAN,15321,43562,59887
47165,SUMNER,18579,46003,65366
47167,TIPTON,7133,16672,24081
47169,TROUSDALE,1240,1612,2905
47171,UNICOI,1913,5032,7086
47173,UNION,1478,4282,5828
47175,"VAN BUREN",875,1386,2300
47177,WARREN,4752,8010,13015
47179,WASHINGTON,14325,32808,48032
47181,WAYNE,1163,4253,5486
47183,WEAKLEY,3548,8605,12337
47185,WHITE,2795,6197,9140
47187,WILLIAMSON,25142,69850,96225
47189,WILSON,14695,36109,51499
48001,ANDERSON,3813,12262,16212
48003,ANDREWS,795,3639,4482
48005,ANGELINA,7834,20303,28406
48007,ARANSAS,2704,6830,9648
48009,ARCHER,525,3600,4164
48011,ARMSTRONG,98,828,935
48013,ATASCOSA,5133,7461,12721
48015,AUSTIN,2252,9265,11649
48017,BAILEY,466,1339,1816
48019,BANDERA,1864,7426,9448
48021,BASTROP,9864,14033,24481
48023,BAYLOR,267,1297,1592
48025,BEE,3452,4356,7879
48027,BELL,35512,49574,86206
48029,BEXAR,264856,241617,513681
48031,BLANCO,1220,3638,4973
48033,BORDEN,32,324,363
48035,BOSQUE,1367,5885,7356
48037,BOWIE,10196,24869,35404
48039,BRAZORIA,34421,70862,106739
48041,BRAZOS,17477,37209,55962
48043,BREWSTER,1765,1976,3867
48045,BRISCOE,117,578,702
48047,BROOKS,1886,507,2403
48049,BROWN,1904,11895,13947
48051,BURLESON,1705,4671,6456
48053,BURNET,3674,12843,16796
48055,CALDWELL,4791,6021,11068
48057,CALHOUN,2410,4144,6648
48059,CALLAHAN,751,4378,5197
48061,CAMERON,49975,26099,76895
48063,CAMP,1428,2881,4335
48065,CARSON,292,2451,2778
48067,CASS,2924,8763,11788
48069,CASTRO,630,1470,2119
48071,CHAMBERS,2790,11787,14735
48073,CHEROKEE,3875,12094,16126
48075,CHILDRESS,320,1665,1996
48077,CLAY,740,4266,5057
48079,COCHRAN,256,649,917
48081,COKE,179,1218,1408
48083,COLEMAN,442,3012,3492
48085,COLLIN,101415,196888,302821
48087,COLLINGSWORTH,177,962,1150
48089,COLORADO,2029,6026,8117
48091,COMAL,11450,39318,51529
48093,COMANCHE,890,3944,4906
48095,CONCHO,194,793,1001
48097,COOKE,2246,11951,14351
48099,CORYELL,5158,11220,16604
48101,COTTLE,180,555,741
48103,CRANE,275,985,1283
48105,CROCKETT,480,957,1457
48107,CROSBY,639,1132,1787
48109,CULBERSON,568,295,879
48111,DALLAM,253,1248,1534
48113,DALLAS,405571,295813,710117
48115,DAWSON,1019,2591,3642
48117,"DEAF SMITH",1239,3042,4309
48119,DELTA,454,1524,2018
48121,DENTON,80978,157579,242781
48123,DEWITT,1467,5122,6638
48125,DICKENS,216,793,1019
48127,DIMMIT,2141,762,2917
48129,DONLEY,226,1287,1535
48131,DUVAL,3331,980,4344
48133,EASTLAND,970,5444,6495
48135,ECTOR,8118,24010,32513
48137,EDWARDS,232,642,884
48139,ELLIS,13881,39574,54151
48141,"EL PASO",112952,57150,172412
48143,ERATH,1965,10329,12473
48145,FALLS,2033,3356,5434
48147,FANNIN,2486,8161,10804
48149,FAYETTE,2315,8106,10551
48151,FISHER,512,1094,1629
48153,FLOYD,551,1523,2085
48155,FOARD,140,348,495
48157,"FORT BEND",101144,116126,219489
48159,FRANKLIN,751,3446,4257
48161,FREESTONE,1850,5646,7570
48163,FRIO,2376,1559,3968
48165,GAINES,535,3484,4066
48167,GALVESTON,39511,69059,110078
48169,GARZA,279,1263,1560
48171,GILLESPIE,2055,10306,12550
48173,GLASSCOCK,44,526,578
48175,GOLIAD,1127,2294,3458
48177,GONZALES,1777,4216,6057
48179,GRAY,886,6443,7389
48181,GRAYSON,10670,30936,42264
48183,GREGG,12398,28742,41507
48185,GRIMES,2339,6141,8601
48187,GUADALUPE,15744,33117,49514
48189,HALE,2243,6490,8854
48191,HALL,265,832,1109
48193,HAMILTON,591,2918,3552
48195,HANSFORD,159,1788,1962
48197,HARDEMAN,302,1176,1495
48199,HARDIN,3359,17746,21297
48201,HARRIS,587044,586073,1188585
48203,HARRISON,8456,17512,26170
48205,HARTLEY,184,1708,1913
48207,HASKELL,553,1424,2013
48209,HAYS,25537,31661,59011
48211,HEMPHILL,192,1298,1509
48213,HENDERSON,6106,21231,27627
48215,HIDALGO,97969,39865,139159
48217,HILL,2752,9132,12045
48219,HOCKLEY,1486,5546,7134
48221,HOOD,3843,18409,22535
48223,HOPKINS,2777,9836,12753
48225,HOUSTON,2265,5880,8214
48227,HOWARD,2110,6453,8695
48229,HUDSPETH,379,471,863
48231,HUNT,6671,21011,28049
48233,HUTCHINSON,1045,6804,7928
48235,IRION,112,668,788
48237,JACK,303,2580,2908
48239,JACKSON,1070,3906,5025
48241,JASPER,3423,9957,13517
48243,"JEFF DAVIS",440,719,1192
48245,JEFFERSON,44668,43242,88627
48247,"JIM HOGG",1301,356,1667
48249,"JIM WELLS",6492,4598,11166
48251,JOHNSON,10496,37661,48838
48253,JONES,1226,4262,5567
48255,KARNES,1325,2825,4185
48257,KAUFMAN,9472,24846,34670
48259,KENDALL,3043,14508,17783
48261,KENEDY,82,84,167
48263,KENT,66,335,405
48265,KERR,4338,17274,21879
48267,KIMBLE,217,1667,1892
48269,KING,5,139,145
48271,KINNEY,522,880,1425
48273,KLEBERG,4754,4058,8907
48275,KNOX,332,1160,1510
48277,LAMAR,4181,12826,17197
48279,LAMB,998,3058,4091
48281,LAMPASAS,1479,5621,7204
48283,"LA SALLE",965,669,1646
48285,LAVACA,1428,6796,8294
48287,LEE,1632,4507,6221
48289,LEON,1062,5814,6945
48291,LIBERTY,5202,17323,22746
48293,LIMESTONE,2208,5288,7563
48295,LIPSCOMB,119,1044,1168
48297,"LIVE OAK",919,3154,4113
48299,LLANO,1822,7610,9558
48301,LOVING,9,54,64
48303,LUBBOCK,26271,63469,91184
48305,LYNN,506,1439,1959
48307,MCCULLOCH,537,2419,2993
48309,MCLENNAN,25694,47903,74541
48311,MCMULLEN,67,431,503
48313,MADISON,967,3028,4028
48315,MARION,1495,2733,4282
48317,MARTIN,248,1368,1624
48319,MASON,380,1565,1968
48321,MATAGORDA,3980,8040,12133
48323,MAVERICK,8303,2171,10563
48325,MEDINA,4784,11079,16049
48327,MENARD,171,665,849
48329,MIDLAND,8286,35689,44597
48331,MILAM,2636,5481,8230
48333,MILLS,279,1882,2201
48335,MITCHELL,538,1756,2316
48337,MONTAGUE,1116,6549,7751
48339,MONTGOMERY,32920,137969,173113
48341,MOORE,964,3968,4985
48343,MORRIS,1858,3232,5139
48345,MOTLEY,55,538,600
48347,NACOGDOCHES,6465,13925,20653
48349,NAVARRO,4350,10847,15364
48351,NEWTON,1677,4112,5869
48353,NOLAN,1216,3282,4575
48355,NUECES,45772,48966,96104
48357,OCHILTREE,253,2719,2993
48359,OLDHAM,71,790,869
48361,ORANGE,6800,23366,30518
48363,"PALO PINTO",1811,7393,9337
48365,PANOLA,2211,7950,10230
48367,PARKER,7853,39243,47694
48369,PARMER,529,2011,2554
48371,PECOS,1591,2512,4150
48373,POLK,4859,14071,19134
48375,POTTER,7126,18918,26450
48377,PRESIDIO,1282,504,1817
48379,RAINS,761,3279,4087
48381,RANDALL,7574,41447,49696
48383,REAGAN,158,676,843
48385,REAL,277,1236,1535
48387,"RED RIVER",1482,3549,5074
48389,REEVES,1655,1188,2877
48391,REFUGIO,998,1663,2677
48393,ROBERTS,33,468,508
48395,ROBERTSON,2798,4419,7287
48397,ROCKWALL,8120,27113,35678
48399,RUNNELS,519,3104,3668
48401,RUSK,4451,13924,18546
48403,SABINE,807,3727,4578
48405,"SAN AUGUSTINE",1193,2469,3690
48407,"SAN JACINTO",2410,7107,9616
48409,"SAN PATRICIO",7856,12005,20078
48411,"SAN SABA",323,1905,2259
48413,SCHLEICHER,221,787,1017
48415,SCURRY,838,4124,5027
48417,SHACKELFORD,131,1218,1363
48419,SHELBY,2322,6879,9284
48421,SHERMAN,121,908,1038
48423,SMITH,21456,57331,79601
48425,SOMERVELL,613,2871,3538
48427,STARR,10260,1547,11883
48429,STEPHENS,475,2892,3412
48431,STERLING,31,459,494
48433,STONEWALL,160,507,675
48435,SUTTON,369,1110,1489
48437,SWISHER,579,1655,2270
48439,TARRANT,253071,348920,610890
48441,TAYLOR,9750,32904,43263
48443,TERRELL,184,358,555
48445,TERRY,1059,2602,3709
48447,THROCKMORTON,109,700,813
48449,TITUS,2648,6084,8854
48451,"TOM GREEN",9294,26878,36720
48453,TRAVIS,232788,140152,387057
48455,TRINITY,1614,4537,6235
48457,TYLER,1668,5910,7654
48459,UPSHUR,2971,12015,15138
48461,UPTON,333,953,1300
48463,UVALDE,3825,4529,8435
48465,"VAL VERDE",6285,5635,12081
48467,"VAN ZANDT",3084,15794,19100
48469,VICTORIA,8802,19692,28853
48471,WALKER,6252,12140,18685
48473,WALLER,6514,9244,15902
48475,WARD,841,2366,3245
48477,WASHINGTON,3381,10857,14397
48479,WEBB,37597,11078,49110
48481,WHARTON,4235,9750,14087
48483,WHEELER,232,1878,2128
48485,WICHITA,10525,29812,41018
48487,WILBARGER,971,2956,3980
48489,WILLACY,3600,1416,5064
48491,WILLIAMSON,61875,97006,163271
48493,WILSON,4821,12218,17205
48495,WINKLER,398,1311,1725
48497,WISE,3221,17207,20745
48499,WOOD,3056,14351,17581
48501,YOAKUM,409,1698,2128
48503,YOUNG,992,6225,7316
48505,ZAPATA,2527,997,3543
48507,ZAVALA,3042,574,3653
49001,Beaver,346,2174,2560
49003,"Box Elder",1984,17101,19408
49005,Cache,6244,35039,42293
49007,Carbon,2275,5090,7567
49009,Daggett,94,406,520
49011,Davis,21889,96861,121069
49013,Duchesne,581,5698,6379
49015,Emery,569,3777,4449
49017,Garfield,308,1832,2182
49019,Grand,1727,1996,3950
49021,Iron,2148,14200,16701
49023,Juab,451,3448,3972
49025,Kane,744,2522,3371
49027,Millard,431,4478,5026
49029,Morgan,403,4114,4597
49031,Piute,74,697,782
49033,Rich,83,915,1007
49035,"Salt Lake",146147,223811,381799
49037,"San Juan",2139,3074,5307
49039,Sanpete,980,8406,9547
49041,Sevier,738,7207,8069
49043,Summit,8072,8884,17488
49045,Tooele,4524,14268,19261
49047,Uintah,997,10421,11583
49049,Utah,17281,156950,177713
49051,Wasatch,2191,7220,9589
49053,Washington,8337,44698,54012
49055,Wayne,215,1089,1327
49057,Weber,19841,54224,75912
50001,Addison,12257,5203,17910
50003,Bennington,11514,5687,17593
50005,Caledonia,8192,5088,13661
50007,Chittenden,53626,21571,77080
50009,Essex,1539,1164,2798
50011,Franklin,12057,7405,19888
50013,"Grand Isle",2531,1471,4075
50015,Lamoille,8371,3342,11988
50017,Orange,9076,4588,14053
50019,Orleans,7117,4306,11692
50021,Rutland,17088,10835,28609
50023,Washington,20351,8093,29307
50025,Windham,16026,5347,21937
50027,Windsor,19494,8598,28699
51001,ACCOMACK,7655,8213,16051
51003,ALBEMARLE,29757,23297,53907
51005,ALLEGHANY,3403,3595,7173
51007,AMELIA,2490,4331,6915
51009,AMHERST,5900,8876,14970
51011,APPOMATTOX,2453,5340,7935
51013,ARLINGTON,81269,34474,117608
51015,AUGUSTA,9451,23624,33672
51017,BATH,894,1274,2223
51019,"BEDFORD COUNTY",10209,26679,37425
51021,BLAND,735,2144,2948
51023,BOTETOURT,5452,12479,18241
51025,BRUNSWICK,4994,2968,8037
51027,BUCHANAN,3094,6436,9646
51029,BUCKINGHAM,3750,3569,7457
51031,CAMPBELL,7595,17695,25696
51033,CAROLINE,7276,6151,13652
51035,CARROLL,3685,8736,12918
51036,"CHARLES CITY",2772,1396,4232
51037,CHARLOTTE,2503,3311,5898
51041,CHESTERFIELD,77694,90934,170988
51043,CLARKE,3239,4296,7762
51045,CRAIG,830,1757,2667
51047,CULPEPER,8285,11580,20211
51049,CUMBERLAND,2422,2538,5048
51051,DICKENSON,2473,4274,6904
51053,DINWIDDIE,6550,6875,13589
51057,ESSEX,3016,2602,5675
51059,"FAIRFAX COUNTY",315273,206773,529287
51061,FAUQUIER,13965,21034,35555
51063,FLOYD,2732,4673,7644
51065,FLUVANNA,5893,6678,12749
51067,"FRANKLIN COUNTY",9090,16718,26707
51069,FREDERICK,12690,22858,36394
51071,GILES,2730,4660,7558
51073,GLOUCESTER,6764,12137,19283
51075,GOOCHLAND,4676,8448,13315
51077,GRAYSON,2068,4801,7121
51079,GREENE,3290,5569,9023
51081,GREENSVILLE,3135,1766,4926
51083,HALIFAX,7766,8694,16692
51085,HANOVER,18294,39940,59058
51087,HENRICO,89594,70449,162241
51089,HENRY,10317,13984,24963
51091,HIGHLAND,459,924,1413
51093,"ISLE OF WIGHT",8761,11802,20827
51095,"JAMES CITY",17879,22843,41240
51097,"KING AND QUEEN",1745,1865,3655
51099,"KING GEORGE",4477,6604,11325
51101,"KING WILLIAM",3344,5466,8923
51103,LANCASTER,3149,3753,6961
51105,LEE,2583,6847,9598
51107,LOUDOUN,82479,75292,160060
51109,LOUISA,6953,9215,16452
51111,LUNENBURG,2684,2969,5734
51113,MADISON,2639,3869,6614
51115,MATHEWS,1807,3488,5374
51117,MECKLENBURG,6921,7973,15077
51119,MIDDLESEX,2370,3619,6080
51121,MONTGOMERY,19903,20006,41009
51125,NELSON,4171,3947,8250
51127,"NEW KENT",3555,7246,10953
51131,NORTHAMPTON,3741,2676,6491
51133,NORTHUMBERLAND,3191,4310,7558
51135,NOTTOWAY,3344,3409,6846
51137,ORANGE,6870,9244,16354
51139,PAGE,3724,6344,10228
51141,PATRICK,2417,5622,8259
51143,PITTSYLVANIA,10858,19263,30681
51145,POWHATAN,4088,11200,15525
51147,"PRINCE EDWARD",5132,3952,9239
51149,"PRINCE GEORGE",6991,8879,16046
51153,"PRINCE WILLIAM",103331,74458,180195
51155,PULASKI,5292,8920,14680
51157,RAPPAHANNOCK,1980,2311,4357
51159,"RICHMOND COUNTY",1574,2160,3770
51161,"ROANOKE COUNTY",18711,31624,51217
51163,ROCKBRIDGE,4088,5898,10177
51165,ROCKINGHAM,10065,24186,34866
51167,RUSSELL,3718,8180,12088
51169,SCOTT,2395,7439,9992
51171,SHENANDOAH,6469,12538,19373
51173,SMYTH,4171,8379,12777
51175,SOUTHAMPTON,4437,4733,9264
51177,SPOTSYLVANIA,25165,31844,57974
51179,STAFFORD,27182,32480,60583
51181,SURRY,2576,1671,4308
51183,SUSSEX,3358,2021,5440
51185,TAZEWELL,3661,13843,17732
51187,WARREN,6452,9869,16698
51191,WASHINGTON,7076,18141,25632
51193,WESTMORELAND,4295,3731,8120
51195,WISE,3760,11076,15018
51197,WYTHE,3783,8324,12358
51199,YORK,13183,20204,33953
51510,ALEXANDRIA,52199,20249,73411
51515,"BEDFORD CITY",1225,1527,2805
51520,BRISTOL,2492,4780,7387
51530,"BUENA VISTA",919,1564,2526
51540,CHARLOTTESVILLE,16510,4844,21797
51550,CHESAPEAKE,55052,53900,110425
51570,"COLONIAL HEIGHTS",2544,5941,8624
51580,COVINGTON,1319,975,2330
51590,DANVILLE,12218,7763,20204
51595,EMPORIA,1793,886,2696
51600,"FAIRFAX CITY",6651,4775,11629
51610,"FALLS CHURCH",5015,2147,7276
51620,"FRANKLIN CITY",2833,1496,4360
51630,FREDERICKSBURG,7131,4060,11437
51640,GALAX,900,1332,2277
51650,HAMPTON,46966,18640,66490
51660,HARRISONBURG,8654,6565,15593
51670,HOPEWELL,5179,3739,9031
51678,LEXINGTON,1486,1146,2687
51680,LYNCHBURG,15948,19806,36448
51683,MANASSAS,8478,6463,15200
51685,"MANASSAS PARK",2879,1699,4656
51690,MARTINSVILLE,3855,2312,6284
51700,"NEWPORT NEWS",51100,27230,79444
51710,NORFOLK,62687,23147,87043
51720,NORTON,566,895,1492
51730,PETERSBURG,14283,1527,15908
51735,POQUOSON,1679,5312,7106
51740,PORTSMOUTH,32501,12858,45922
51750,RADFORD,2732,2520,5399
51760,"RICHMOND CITY",75921,20050,97569
51770,"ROANOKE CITY",24134,14991,40155
51775,SALEM,4760,7299,12318
51790,STAUNTON,5728,5272,11210
51800,SUFFOLK,24267,17820,42566
51810,"VIRGINIA BEACH",94299,99291,196641
51820,WAYNESBORO,3840,4790,8791
51830,WILLIAMSBURG,4903,2682,7748
51840,WINCHESTER,5094,4946,10296
53001,Adams,1540,3171,4793
53003,Asotin,4003,5654,9901
53005,Benton,28145,49461,79559
53007,Chelan,13112,18402,32250
53009,Clallam,18580,18437,38066
53011,Clark,93382,92951,190805
53013,Columbia,645,1568,2259
53015,Cowlitz,22726,20746,44620
53017,Douglas,5166,9425,14942
53019,Ferry,1294,1995,3440
53021,Franklin,8398,13748,22643
53023,Garfield,336,913,1278
53025,Grant,8950,17852,27558
53027,"Grays Harbor",15960,11914,28684
53029,Island,21478,19605,42099
53031,Jefferson,12739,6405,19829
53033,King,668004,275700,967154
53035,Kitsap,67277,52846,123367
53037,Kittitas,7949,9782,18171
53039,Klickitat,4598,5316,10274
53041,Lewis,12664,20452,34044
53043,Lincoln,1673,4063,5872
53045,Mason,14764,12761,28235
53047,Okanogan,7108,9221,16846
53049,Pacific,5711,4499,10524
53051,"Pend Oreille",2508,3952,6668
53053,Pierce,186430,148467,342910
53055,"San Juan",7125,3111,10594
53057,Skagit,28688,25071,55269
53059,Skamania,2628,2687,5466
53061,Snohomish,188516,133016,329817
53063,Spokane,102295,115285,223830
53065,Stevens,7762,13691,22161
53067,Thurston,74037,49287,127063
53069,Wahkiakum,1094,1119,2294
53071,"Walla Walla",9768,14648,25108
53073,Whatcom,57089,42703,103029
53075,Whitman,8037,8507,17121
53077,Yakima,33217,42239,76973
54001,Barbour,1768,3824,5761
54003,Berkeley,14275,22156,37172
54005,Boone,2790,5467,8500
54007,Braxton,1998,2725,4804
54009,Brooke,4005,5060,9294
54011,Cabell,13568,17985,32144
54013,Calhoun,818,1319,2207
54015,Clay,931,1971,3012
54017,Doddridge,575,2130,2769
54019,Fayette,5419,8350,14070
54021,Gilmer,840,1595,2509
54023,Grant,718,3783,4586
54025,Greenbrier,4710,7930,12963
54027,Hampshire,2299,5523,7986
54029,Hancock,4627,7226,12118
54031,Hardy,1482,3536,5168
54033,Harrison,9732,15876,26147
54035,Jackson,3854,7408,11544
54037,Jefferson,10398,11258,22138
54039,Kanawha,32480,41364,75077
54041,Lewis,1736,4375,6287
54043,Lincoln,2227,4383,6818
54045,Logan,3469,8222,11946
54047,McDowell,2109,3959,6188
54049,Marion,8959,12054,21542
54051,Marshall,4484,8135,12916
54053,Mason,3778,5741,9789
54055,Mercer,5432,15450,21276
54057,Mineral,2885,7833,10979
54059,Mingo,2428,6191,8830
54061,Monongalia,13826,16831,31475
54063,Monroe,1455,3616,5212
54065,Morgan,2363,4513,7044
54067,Nicholas,2664,5898,8785
54069,Ohio,6786,10768,17911
54071,Pendleton,1074,2095,3239
54073,Pleasants,955,1825,2840
54075,Pocahontas,1303,2182,3576
54077,Preston,2931,7889,11155
54079,Putnam,7256,16032,23673
54081,Raleigh,7739,20614,28829
54083,Randolph,3342,6160,9754
54085,Ritchie,768,2921,3788
54087,Roane,1939,2982,5047
54089,Summers,1621,2981,4735
54091,Taylor,1941,3840,5908
54093,Tucker,880,2176,3138
54095,Tyler,890,2314,3279
54097,Upshur,2158,5939,8273
54099,Wayne,4931,8688,13955
54101,Webster,947,1710,2755
54103,Wetzel,2217,3473,5856
54105,Wirt,676,1427,2171
54107,Wood,11230,22183,33977
54109,Wyoming,1583,5769,7523
55001,ADAMS,5542,4644,10287
55003,ASHLAND,5399,2820,8372
55005,BARRON,10890,11443,22692
55007,BAYFIELD,6033,3603,9788
55009,BROWN,62526,64836,128928
55011,BUFFALO,3570,3364,7039
55013,BURNETT,3986,4550,8677
55015,CALUMET,11489,14539,26420
55017,CHIPPEWA,15237,15322,30932
55019,CLARK,6172,7412,13801
55021,COLUMBIA,17175,13026,30546
55023,CRAWFORD,4629,3067,7817
55025,DANE,216071,83644,304181
55027,DODGE,18762,25211,44488
55029,DOOR,9357,8121,17671
55031,DOUGLAS,14863,7705,22894
55033,DUNN,11316,10224,21992
55035,"EAU CLAIRE",30666,23256,54806
55037,FLORENCE,953,1645,2625
55039,"FOND DU LAC",22379,30355,53402
55041,FOREST,2425,2172,4648
55043,GRANT,13594,10255,24248
55045,GREEN,11206,7857,19322
55047,"GREEN LAKE",3793,5782,9675
55049,IOWA,8105,4287,12534
55051,IRON,1784,1790,3632
55053,JACKSON,5298,3900,9313
55055,JEFFERSON,20158,23517,44281
55057,JUNEAU,6242,5411,11827
55059,KENOSHA,44867,34977,80897
55061,KEWAUNEE,5153,5747,11037
55063,"LA CROSSE",36693,25751,63462
55065,LAFAYETTE,4536,3314,7952
55067,LANGLADE,4573,5816,10519
55069,LINCOLN,7563,7455,15216
55071,MANITOWOC,20403,21604,42617
55073,MARATHON,32363,36617,69862
55075,MARINETTE,9882,10619,20777
55077,MARQUETTE,4014,3992,8105
55078,MENOMINEE,1191,179,1377
55079,MILWAUKEE,332438,154924,492576
55081,MONROE,9515,9675,19485
55083,OCONTO,8865,10741,19859
55085,ONEIDA,10452,10917,21652
55087,OUTAGAMIE,45659,47372,94596
55089,OZAUKEE,19159,36077,55817
55091,PEPIN,1876,1794,3699
55093,PIERCE,10235,10397,21020
55095,POLK,10073,12094,22573
55097,PORTAGE,22075,16615,39337
55099,PRICE,3887,3884,7901
55101,RACINE,53008,49347,103364
55103,RICHLAND,4969,3573,8655
55105,ROCK,49219,30517,80690
55107,RUSK,3397,3676,7191
55109,"ST. CROIX",19910,25503,46225
55111,SAUK,18736,12838,31927
55113,SAWYER,4486,4442,9025
55115,SHAWANO,9000,11022,20279
55117,SHEBOYGAN,27918,34072,62651
55119,TAYLOR,3763,5601,9512
55121,TREMPEALEAU,7605,5707,13481
55123,VERNON,8044,5942,14269
55125,VILAS,5951,7749,13842
55127,WALWORTH,22552,29006,52303
55129,WASHBURN,4447,4699,9287
55131,WASHINGTON,23166,54765,78742
55133,WAUKESHA,78779,162798,243856
55135,WAUPACA,11578,17002,28840
55137,WAUSHARA,5335,6562,12048
55139,WINNEBAGO,45449,42122,89173
55141,WOOD,18581,19704,38900
56001,Albany,7458,7866,16300
56003,"Big Horn",868,4285,5324
56005,Campbell,2163,14953,17571
56007,Carbon,2110,4148,6509
56009,Converse,1089,5043,6343
56011,Crook,426,3109,3685
56013,Fremont,5333,11075,16939
56015,Goshen,1458,4178,5806
56017,"Hot Springs",523,1895,2515
56019,Johnson,749,3363,4259
56021,Laramie,14295,23904,39505
56023,Lincoln,1287,7144,8618
56025,Natrona,8961,22132,32373
56027,Niobrara,200,1022,1276
56029,Park,2927,11234,14608
56031,Platte,1223,3136,4531
56033,Sheridan,3618,10267,14322
56035,Sublette,767,3472,4376
56037,Sweetwater,4774,11428,16895
56039,Teton,6213,4858,11464
56041,Uinta,1628,6615,8539
56043,Washakie,794,3014,3944
56045,Weston,422,2821,3359
02,Alaska,122640,164676,300495
